season,position_group,total_spend,total_seasonal_spend,percentage_spend,transfer_count,avg_transfer_fee,median_transfer_fee,avg_percentage_of_total
2003,Attacking midfielders/wide players,50000.0,3600000.0,1.39,1,50000.0,50000.0,1.3889
2003,Centre-back,1700000.0,3600000.0,47.22,2,850000.0,850000.0,23.6111
2003,Centre-forward,1050000.0,3600000.0,29.17,5,210000.0,250000.0,5.8333
2003,Full-back,350000.0,3600000.0,9.72,3,116667.0,100000.0,3.2407
2003,Goalkeeper,150000.0,3600000.0,4.17,1,150000.0,150000.0,4.1667
2003,Midfielder,300000.0,3600000.0,8.33,1,300000.0,300000.0,8.3333
2004,Attacking midfielders/wide players,1650000.0,7325000.0,22.53,3,550000.0,350000.0,7.5085
2004,Centre-back,1270000.0,7325000.0,17.34,4,317500.0,350000.0,4.3345
2004,Centre-forward,1075000.0,7325000.0,14.68,4,268750.0,125000.0,3.6689
2004,Full-back,850000.0,7325000.0,11.6,4,212500.0,100000.0,2.901
2004,Goalkeeper,630000.0,7325000.0,8.6,2,315000.0,315000.0,4.3003
2004,Midfielder,1850000.0,7325000.0,25.26,8,231250.0,200000.0,3.157
2005,Attacking midfielders/wide players,1900000.0,8265000.0,22.99,5,380000.0,350000.0,4.5977
2005,Centre-back,1350000.0,8265000.0,16.33,6,225000.0,190000.0,2.7223
2005,Centre-forward,660000.0,8265000.0,7.99,4,165000.0,160000.0,1.9964
2005,Full-back,1280000.0,8265000.0,15.49,6,213333.0,95000.0,2.5812
2005,Goalkeeper,600000.0,8265000.0,7.26,6,100000.0,100000.0,1.2099
2005,Midfielder,2475000.0,8265000.0,29.95,7,353571.0,250000.0,4.2779
2006,Attacking midfielders/wide players,5185000.0,23810000.0,21.78,14,370357.0,300000.0,1.5555
2006,Centre-back,2070000.0,23810000.0,8.69,9,230000.0,100000.0,0.966
2006,Centre-forward,6100000.0,23810000.0,25.62,12,508333.0,400000.0,2.135
2006,Full-back,2655000.0,23810000.0,11.15,11,241364.0,200000.0,1.0137
2006,Goalkeeper,1850000.0,23810000.0,7.77,6,308333.0,100000.0,1.295
2006,Midfielder,5950000.0,23810000.0,24.99,16,371875.0,175000.0,1.5618
2007,Attacking midfielders/wide players,4995000.0,49290000.0,10.13,11,454091.0,170000.0,0.9213
2007,Centre-back,7560000.0,49290000.0,15.34,19,397895.0,200000.0,0.8073
2007,Centre-forward,17545000.0,49290000.0,35.6,27,649815.0,500000.0,1.3184
2007,Full-back,6625000.0,49290000.0,13.44,18,368056.0,275000.0,0.7467
2007,Goalkeeper,3515000.0,49290000.0,7.13,9,390556.0,250000.0,0.7924
2007,Midfielder,9050000.0,49290000.0,18.36,22,411364.0,337500.0,0.8346
2008,Attacking midfielders/wide players,12240000.0,54685000.0,22.38,24,510000.0,450000.0,0.9326
2008,Centre-back,9400000.0,54685000.0,17.19,30,313333.0,275000.0,0.573
2008,Centre-forward,15110000.0,54685000.0,27.63,32,472188.0,265000.0,0.8635
2008,Full-back,6905000.0,54685000.0,12.63,17,406176.0,250000.0,0.7428
2008,Goalkeeper,3350000.0,54685000.0,6.13,7,478571.0,250000.0,0.8751
2008,Midfielder,7680000.0,54685000.0,14.04,26,295385.0,200000.0,0.5402
2009,Attacking midfielders/wide players,3495000.0,13995000.0,24.97,9,388333.0,150000.0,2.7748
2009,Centre-back,1255000.0,13995000.0,8.97,9,139444.0,100000.0,0.9964
2009,Centre-forward,2600000.0,13995000.0,18.58,10,260000.0,175000.0,1.8578
2009,Full-back,2290000.0,13995000.0,16.36,8,286250.0,105000.0,2.0454
2009,Goalkeeper,2225000.0,13995000.0,15.9,7,317857.0,50000.0,2.2712
2009,Midfielder,2130000.0,13995000.0,15.22,15,142000.0,100000.0,1.0146
2010,Attacking midfielders/wide players,5147000.0,20589000.0,25.0,10,514700.0,311000.0,2.4999
2010,Centre-back,2905000.0,20589000.0,14.11,10,290500.0,215000.0,1.4109
2010,Centre-forward,5537000.0,20589000.0,26.89,13,425923.0,300000.0,2.0687
2010,Full-back,2050000.0,20589000.0,9.96,11,186364.0,100000.0,0.9052
2010,Goalkeeper,630000.0,20589000.0,3.06,5,126000.0,100000.0,0.612
2010,Midfielder,4270000.0,20589000.0,20.74,14,305000.0,200000.0,1.4814
2010,Unknown,50000.0,20589000.0,0.24,1,50000.0,50000.0,0.2428
2011,Attacking midfielders/wide players,1950000.0,12540000.0,15.55,11,177273.0,150000.0,1.4137
2011,Centre-back,850000.0,12540000.0,6.78,3,283333.0,300000.0,2.2594
2011,Centre-forward,2870000.0,12540000.0,22.89,9,318889.0,150000.0,2.543
2011,Full-back,4130000.0,12540000.0,32.93,6,688333.0,450000.0,5.4891
2011,Goalkeeper,75000.0,12540000.0,0.6,2,37500.0,37500.0,0.299
2011,Midfielder,2665000.0,12540000.0,21.25,6,444167.0,225000.0,3.542
2012,Attacking midfielders/wide players,2220000.0,10322000.0,21.51,6,370000.0,375000.0,3.5846
2012,Centre-back,1010000.0,10322000.0,9.78,6,168333.0,175000.0,1.6308
2012,Centre-forward,2220000.0,10322000.0,21.51,7,317143.0,250000.0,3.0725
2012,Full-back,1860000.0,10322000.0,18.02,7,265714.0,100000.0,2.5743
2012,Goalkeeper,662000.0,10322000.0,6.41,3,220667.0,100000.0,2.1378
2012,Midfielder,2350000.0,10322000.0,22.77,6,391667.0,275000.0,3.7945
2013,Attacking midfielders/wide players,5140000.0,9070000.0,56.67,8,642500.0,600000.0,7.0838
2013,Centre-back,1750000.0,9070000.0,19.29,2,875000.0,875000.0,9.6472
2013,Centre-forward,1000000.0,9070000.0,11.03,4,250000.0,200000.0,2.7563
2013,Goalkeeper,10000.0,9070000.0,0.11,1,10000.0,10000.0,0.1103
2013,Midfielder,1170000.0,9070000.0,12.9,6,195000.0,120000.0,2.1499
2014,Attacking midfielders/wide players,400000.0,3355000.0,11.92,2,200000.0,200000.0,5.9613
2014,Centre-back,1100000.0,3355000.0,32.79,3,366667.0,400000.0,10.929
2014,Centre-forward,325000.0,3355000.0,9.69,3,108333.0,100000.0,3.229
2014,Full-back,280000.0,3355000.0,8.35,3,93333.0,100000.0,2.7819
2014,Midfielder,1250000.0,3355000.0,37.26,3,416667.0,500000.0,12.4193
2015,Attacking midfielders/wide players,110000.0,2955000.0,3.72,3,36667.0,50000.0,1.2408
2015,Centre-back,250000.0,2955000.0,8.46,1,250000.0,250000.0,8.4602
2015,Centre-forward,750000.0,2955000.0,25.38,2,375000.0,375000.0,12.6904
2015,Full-back,705000.0,2955000.0,23.86,4,176250.0,100000.0,5.9645
2015,Goalkeeper,10000.0,2955000.0,0.34,1,10000.0,10000.0,0.3384
2015,Midfielder,1130000.0,2955000.0,38.24,7,161429.0,100000.0,5.4629
2016,Attacking midfielders/wide players,4800000.0,8425000.0,56.97,5,960000.0,700000.0,11.3947
2016,Centre-back,500000.0,8425000.0,5.93,1,500000.0,500000.0,5.9347
2016,Centre-forward,2335000.0,8425000.0,27.72,4,583750.0,140000.0,6.9288
2016,Full-back,110000.0,8425000.0,1.31,3,36667.0,50000.0,0.4352
2016,Midfielder,680000.0,8425000.0,8.07,7,97143.0,50000.0,1.153
2017,Attacking midfielders/wide players,9945000.0,15108000.0,65.83,11,904091.0,700000.0,5.9842
2017,Centre-back,753000.0,15108000.0,4.98,3,251000.0,300000.0,1.6614
2017,Centre-forward,575000.0,15108000.0,3.81,2,287500.0,287500.0,1.903
2017,Full-back,775000.0,15108000.0,5.13,2,387500.0,387500.0,2.5649
2017,Goalkeeper,480000.0,15108000.0,3.18,3,160000.0,50000.0,1.059
2017,Midfielder,2580000.0,15108000.0,17.08,4,645000.0,200000.0,4.2693
2018,Attacking midfielders/wide players,4340000.0,8035000.0,54.01,6,723333.0,350000.0,9.0023
2018,Centre-back,150000.0,8035000.0,1.87,1,150000.0,150000.0,1.8668
2018,Centre-forward,2170000.0,8035000.0,27.01,5,434000.0,200000.0,5.4014
2018,Goalkeeper,300000.0,8035000.0,3.73,1,300000.0,300000.0,3.7337
2018,Midfielder,1075000.0,8035000.0,13.38,6,179167.0,150000.0,2.2298
2019,Attacking midfielders/wide players,2790000.0,8675000.0,32.16,7,398571.0,100000.0,4.5945
2019,Centre-back,970000.0,8675000.0,11.18,5,194000.0,100000.0,2.2363
2019,Centre-forward,985000.0,8675000.0,11.35,3,328333.0,125000.0,3.7848
2019,Full-back,785000.0,8675000.0,9.05,6,130833.0,87500.0,1.5082
2019,Goalkeeper,350000.0,8675000.0,4.03,1,350000.0,350000.0,4.0346
2019,Midfielder,2795000.0,8675000.0,32.22,8,349375.0,230000.0,4.0274
2020,Attacking midfielders/wide players,755000.0,3825000.0,19.74,4,188750.0,112500.0,4.9346
2020,Centre-back,1045000.0,3825000.0,27.32,4,261250.0,175000.0,6.8301
2020,Centre-forward,300000.0,3825000.0,7.84,2,150000.0,150000.0,3.9216
2020,Full-back,1065000.0,3825000.0,27.84,5,213000.0,200000.0,5.5686
2020,Midfielder,660000.0,3825000.0,17.25,3,220000.0,250000.0,5.7516
2021,Attacking midfielders/wide players,810000.0,3230000.0,25.08,6,135000.0,150000.0,4.1796
2021,Centre-back,150000.0,3230000.0,4.64,2,75000.0,75000.0,2.322
2021,Centre-forward,850000.0,3230000.0,26.32,2,425000.0,425000.0,13.1579
2021,Full-back,100000.0,3230000.0,3.1,1,100000.0,100000.0,3.096
2021,Goalkeeper,510000.0,3230000.0,15.79,3,170000.0,200000.0,5.2632
2021,Midfielder,810000.0,3230000.0,25.08,5,162000.0,125000.0,5.0155
2022,Attacking midfielders/wide players,4310000.0,10125000.0,42.57,10,431000.0,200000.0,4.2568
2022,Centre-back,1050000.0,10125000.0,10.37,4,262500.0,250000.0,2.5926
2022,Centre-forward,2690000.0,10125000.0,26.57,6,448333.0,275000.0,4.428
2022,Full-back,675000.0,10125000.0,6.67,5,135000.0,200000.0,1.3333
2022,Midfielder,1400000.0,10125000.0,13.83,7,200000.0,150000.0,1.9753
2023,Attacking midfielders/wide players,3660000.0,10650000.0,34.37,10,366000.0,275000.0,3.4366
2023,Centre-back,1215000.0,10650000.0,11.41,3,405000.0,600000.0,3.8028
2023,Centre-forward,2895000.0,10650000.0,27.18,7,413571.0,250000.0,3.8833
2023,Full-back,1195000.0,10650000.0,11.22,5,239000.0,100000.0,2.2441
2023,Goalkeeper,400000.0,10650000.0,3.76,1,400000.0,400000.0,3.7559
2023,Midfielder,1285000.0,10650000.0,12.07,4,321250.0,260000.0,3.0164
2024,Attacking midfielders/wide players,3090000.0,16605000.0,18.61,8,386250.0,225000.0,2.3261
2024,Centre-back,2300000.0,16605000.0,13.85,7,328571.0,350000.0,1.9787
2024,Centre-forward,7240000.0,16605000.0,43.6,11,658182.0,300000.0,3.9638
2024,Full-back,500000.0,16605000.0,3.01,1,500000.0,500000.0,3.0111
2024,Goalkeeper,500000.0,16605000.0,3.01,4,125000.0,100000.0,0.7528
2024,Midfielder,2975000.0,16605000.0,17.92,7,425000.0,400000.0,2.5595
2025,Attacking midfielders/wide players,1000000.0,2000000.0,50.0,1,1000000.0,1000000.0,50.0
2025,Centre-forward,1000000.0,2000000.0,50.0,1,1000000.0,1000000.0,50.0
