team_name,league,country,season,transfer_type,player_name,player_url,player_position,player_age,player_nationality,club_2,league_2,country_2,transfer_fee,is_loan,transfer_notes,window,in_squad,appearances,goals,minutes_played
FCSB,SuperLiga,Romania,https://www.transfermarkt.com/fcsb/transfers/verein/301,Arrivals,Dennis Politic,https://www.transfermarkt.com/dennis-politic/profil/spieler/470152,Left Winger,25,Romania,FC Dinamo,SuperLiga,Romania,NA,FALSE,€970k,Summer,39,24,3,687
FCSB,SuperLiga,Romania,https://www.transfermarkt.com/fcsb/transfers/verein/301,Arrivals,Mamadou Thiam,https://www.transfermarkt.com/mamadou-thiam/profil/spieler/368624,Centre-Forward,30,Senegal,U Cluj,SuperLiga,Romania,NA,FALSE,€50k,Summer,36,34,5,1308
FCSB,SuperLiga,Romania,https://www.transfermarkt.com/fcsb/transfers/verein/301,Arrivals,Andrei Gheorghiță,https://www.transfermarkt.com/andrei-gheorghita/profil/spieler/880840,Left Midfield,22,Romania,ACSM Poli Iasi,Liga 2,Romania,0,FALSE,NA,Summer,4,3,0,106
FCSB,SuperLiga,Romania,https://www.transfermarkt.com/fcsb/transfers/verein/301,Arrivals,Denis Alibec,https://www.transfermarkt.com/denis-alibec/profil/spieler/81396,Centre-Forward,34,Romania,FCV Farul,SuperLiga,Romania,0,FALSE,NA,Summer,22,14,1,370
FCSB,SuperLiga,Romania,https://www.transfermarkt.com/fcsb/transfers/verein/301,Arrivals,Daniel Graovac,https://www.transfermarkt.com/daniel-graovac/profil/spieler/131728,Centre-Back,31,Bosnia-Herzegovina,CFR Cluj,SuperLiga,Romania,0,FALSE,NA,Summer,44,30,1,2357
FCSB,SuperLiga,Romania,https://www.transfermarkt.com/fcsb/transfers/verein/301,Arrivals,Sebastian Radu,https://www.transfermarkt.com/sebastian-radu/profil/spieler/1085616,Right-Back,19,Romania,FCSB U18,NA,Romania,NA,FALSE,-,Summer,NA,NA,NA,NA
FCSB,SuperLiga,Romania,https://www.transfermarkt.com/fcsb/transfers/verein/301,Arrivals,Ovidiu Perianu,https://www.transfermarkt.com/ovidiu-perianu/profil/spieler/623425,Defensive Midfield,23,Romania,Unirea Slobozia,SuperLiga,Romania,NA,TRUE,End of loan 30/06/2025,Summer,6,3,0,97
FCSB,SuperLiga,Romania,https://www.transfermarkt.com/fcsb/transfers/verein/301,Arrivals,Laurențiu Vlăsceanu,https://www.transfermarkt.com/laurentiu-vlasceanu/profil/spieler/912165,Left-Back,20,Romania,Unirea Slobozia,SuperLiga,Romania,NA,TRUE,End of loan 30/06/2025,Summer,5,0,0,0
FCSB,SuperLiga,Romania,https://www.transfermarkt.com/fcsb/transfers/verein/301,Arrivals,Ricardo Pădurariu,https://www.transfermarkt.com/ricardo-padurariu/profil/spieler/992848,Left-Back,18,Romania,Gloria Bistrita,NA,Romania,NA,TRUE,End of loan 30/06/2025,Summer,NA,NA,NA,NA
FCSB,SuperLiga,Romania,https://www.transfermarkt.com/fcsb/transfers/verein/301,Arrivals,João Paulo,https://www.transfermarkt.com/joao-paulo/profil/spieler/623965,Defensive Midfield,27,Cape Verde,Otelul Galati,SuperLiga,Romania,NA,FALSE,€600k,Winter,9,9,0,534
FCSB,SuperLiga,Romania,https://www.transfermarkt.com/fcsb/transfers/verein/301,Arrivals,Ofri Arad,https://www.transfermarkt.com/ofri-arad/profil/spieler/200495,Defensive Midfield,27,Israel,Kairat Almaty,Premier Liga,Kazakhstan,0,FALSE,NA,Winter,3,3,0,101
FCSB,SuperLiga,Romania,https://www.transfermarkt.com/fcsb/transfers/verein/301,Arrivals,André Duarte,https://www.transfermarkt.com/andre-duarte/profil/spieler/588095,Centre-Back,28,Portugal,Újpest FC,NB I.,Hungary,0,FALSE,NA,Winter,11,11,0,990
FCSB,SuperLiga,Romania,https://www.transfermarkt.com/fcsb/transfers/verein/301,Arrivals,David Popa,https://www.transfermarkt.com/david-popa/profil/spieler/992832,Right Winger,18,Romania,FCSB U18,NA,Romania,NA,FALSE,-,Winter,15,5,1,114
FCSB,SuperLiga,Romania,https://www.transfermarkt.com/fcsb/transfers/verein/301,Arrivals,Matei Popa,https://www.transfermarkt.com/matei-popa/profil/spieler/1350595,Goalkeeper,18,Romania,FCSB II,NA,Romania,NA,FALSE,-,Winter,13,10,0,900
FCSB,SuperLiga,Romania,https://www.transfermarkt.com/fcsb/transfers/verein/301,Arrivals,Nana Antwi,https://www.transfermarkt.com/nana-antwi/profil/spieler/608977,Right-Back,25,Ghana,FC Hermannstadt,SuperLiga,Romania,NA,TRUE,End of loan 09/02/2026,Winter,NA,NA,NA,NA
FCSB,SuperLiga,Romania,https://www.transfermarkt.com/fcsb/transfers/verein/301,Arrivals,Laurențiu Vlăsceanu,https://www.transfermarkt.com/laurentiu-vlasceanu/profil/spieler/912165,Left-Back,20,Romania,UTA Arad,SuperLiga,Romania,NA,TRUE,End of loan 04/01/2026,Winter,5,0,0,0
FC Rapid 1923,SuperLiga,Romania,2025,Arrivals,Drilon Hazrollaj,https://www.transfermarkt.com/drilon-hazrollaj/profil/spieler/986186,Right Winger,21,Kosovo,FC Malisheva,Superliga e Kosovës,Kosovo,NA,FALSE,€900k,Summer,18,7,0,172
FC Rapid 1923,SuperLiga,Romania,2025,Arrivals,Antoine Baroan,https://www.transfermarkt.com/antoine-baroan/profil/spieler/463666,Centre-Forward,25,France,FC Winterthur,Super League,Switzerland,NA,FALSE,€400k,Summer,18,15,2,622
FC Rapid 1923,SuperLiga,Romania,2025,Arrivals,Kader Keita,https://www.transfermarkt.com/kader-keita/profil/spieler/658835,Defensive Midfield,24,Cote d'Ivoire,CFR Cluj,SuperLiga,Romania,NA,FALSE,€200k,Summer,32,27,0,2129
FC Rapid 1923,SuperLiga,Romania,2025,Arrivals,Raul Stanciu,https://www.transfermarkt.com/raul-stanciu/profil/spieler/1166399,Left Winger,18,Romania,Lecce U18,Under 18 ,Italy,NA,FALSE,€100k,Summer,NA,NA,NA,NA
FC Rapid 1923,SuperLiga,Romania,2025,Arrivals,Lars Kramer,https://www.transfermarkt.com/lars-kramer/profil/spieler/410897,Centre-Back,25,Netherlands,Aalborg BK,1.Division,Denmark,0,FALSE,NA,Summer,28,27,2,2169
FC Rapid 1923,SuperLiga,Romania,2025,Arrivals,Léo Bolgado,https://www.transfermarkt.com/leo-bolgado/profil/spieler/712087,Centre-Back,27,Brazil,CFR Cluj,SuperLiga,Romania,NA,TRUE,loan transfer,Summer,21,14,1,818
FC Rapid 1923,SuperLiga,Romania,2025,Arrivals,Paul Iacob,https://www.transfermarkt.com/paul-iacob/profil/spieler/303359,Centre-Back,29,Romania,FC Botosani,SuperLiga,Romania,NA,TRUE,End of loan 30/06/2025,Summer,NA,NA,NA,NA
FC Rapid 1923,SuperLiga,Romania,2025,Arrivals,Omar El Sawy,https://www.transfermarkt.com/omar-el-sawy/profil/spieler/863557,Right Winger,21,Romania,Sepsi OSK,SuperLiga,Romania,NA,TRUE,End of loan 30/06/2025,Summer,8,2,0,15
FC Rapid 1923,SuperLiga,Romania,2025,Arrivals,Filip Blazek,https://www.transfermarkt.com/filip-blazek/profil/spieler/405501,Centre-Back,27,Slovakia,Unirea Slobozia,SuperLiga,Romania,NA,TRUE,End of loan 30/06/2025,Summer,4,1,0,1
FC Rapid 1923,SuperLiga,Romania,2025,Arrivals,Timotej Jambor,https://www.transfermarkt.com/timotej-jambor/profil/spieler/582384,Centre-Forward,22,Slovakia,MSK Zilina,Niké Liga,Slovakia,NA,TRUE,End of loan 30/06/2025,Summer,28,15,2,453
FC Rapid 1923,SuperLiga,Romania,2025,Arrivals,Codruț Sandu,https://www.transfermarkt.com/codrut-sandu/profil/spieler/937038,Goalkeeper,19,Romania,FC U Craiova,Liga 2,Romania,NA,TRUE,End of loan 30/06/2025,Summer,NA,NA,NA,NA
FC Rapid 1923,SuperLiga,Romania,2025,Arrivals,Alexandru Stan,https://www.transfermarkt.com/alexandru-stan/profil/spieler/1088535,Centre-Forward,19,Romania,Otelul Galati,SuperLiga,Romania,NA,TRUE,End of loan 30/06/2025,Summer,NA,NA,NA,NA
FC Rapid 1923,SuperLiga,Romania,2025,Arrivals,Bogdan Ungureanu,https://www.transfermarkt.com/bogdan-ungureanu/profil/spieler/1008258,Goalkeeper,18,Romania,Corvinul,Liga 2,Romania,NA,TRUE,End of loan 30/06/2025,Summer,NA,NA,NA,NA
FC Rapid 1923,SuperLiga,Romania,2025,Arrivals,Gabriel Gheorghe,https://www.transfermarkt.com/gabriel-gheorghe/profil/spieler/1011492,Attacking Midfield,18,Romania,FC Arges,Liga 2,Romania,NA,TRUE,End of loan 30/06/2025,Summer,25,4,0,33
FC Rapid 1923,SuperLiga,Romania,2025,Arrivals,Alexandru Gheorghe,https://www.transfermarkt.com/alexandru-gheorghe/profil/spieler/1045068,Right Winger,22,Romania,Metaloglobus,Liga 2,Romania,NA,TRUE,End of loan 30/06/2025,Summer,NA,NA,NA,NA
FC Rapid 1923,SuperLiga,Romania,2025,Arrivals,Eduard Dănilă,https://www.transfermarkt.com/eduard-danila/profil/spieler/1144433,Left Midfield,19,Romania,Campulung,Liga 2,Romania,NA,TRUE,End of loan 20/08/2025,Summer,NA,NA,NA,NA
FC Rapid 1923,SuperLiga,Romania,2025,Arrivals,Rareș Stanciu,https://www.transfermarkt.com/rares-stanciu/profil/spieler/1239789,Attacking Midfield,20,Romania,Progresul Sp.,NA,Romania,NA,TRUE,End of loan 30/06/2025,Summer,NA,NA,NA,NA
FC Rapid 1923,SuperLiga,Romania,2025,Arrivals,Robert Sălceanu,https://www.transfermarkt.com/robert-salceanu/profil/spieler/809240,Left-Back,22,Romania,Petrolul,SuperLiga,Romania,NA,FALSE,€400k,Winter,6,1,0,45
FC Rapid 1923,SuperLiga,Romania,2025,Arrivals,Dejan Iliev,https://www.transfermarkt.com/dejan-iliev/profil/spieler/205757,Goalkeeper,30,North Macedonia,UTA Arad,SuperLiga,Romania,NA,FALSE,€60k,Winter,11,2,0,151
FC Rapid 1923,SuperLiga,Romania,2025,Arrivals,Daniel Paraschiv,https://www.transfermarkt.com/daniel-paraschiv/profil/spieler/605543,Centre-Forward,26,Romania,Real Oviedo,LaLiga,Spain,NA,TRUE,Loan fee:€50k,Winter,12,12,2,638
FC Rapid 1923,SuperLiga,Romania,2025,Arrivals,Olimpiu Moruțan,https://www.transfermarkt.com/olimpiu-morutan/profil/spieler/429551,Right Winger,26,Romania,Aris Saloniki,Super League 1,Greece,0,FALSE,NA,Winter,11,11,0,693
FC Rapid 1923,SuperLiga,Romania,2025,Arrivals,Talisson,https://www.transfermarkt.com/talisson/profil/spieler/1084074,Left Winger,23,Brazil,RB Bragantino,Série A,Brazil,NA,FALSE,?,Winter,7,7,0,210
Universitatea Craiova,SuperLiga,Romania,2025,Arrivals,Assad Al-Hamlawi,https://www.transfermarkt.com/assad-al-hamlawi/profil/spieler/518451,Centre-Forward,24,Palestine,Slask Wroclaw,Betclic 1 Liga,Poland,1000000,FALSE,NA,Summer,42,40,12,2216
Universitatea Craiova,SuperLiga,Romania,2025,Arrivals,Luca Băsceanu,https://www.transfermarkt.com/luca-basceanu/profil/spieler/937066,Left Winger,19,Romania,FCV Farul,SuperLiga,Romania,1000000,FALSE,NA,Summer,45,20,1,614
Universitatea Craiova,SuperLiga,Romania,2025,Arrivals,Oleksandr Romanchuk,https://www.transfermarkt.com/oleksandr-romanchuk/profil/spieler/553772,Centre-Back,25,Ukraine,Kryvbas,Premier Liga,Ukraine,NA,FALSE,€750k,Summer,42,39,6,3333
Universitatea Craiova,SuperLiga,Romania,2025,Arrivals,Mihnea Rădulescu,https://www.transfermarkt.com/mihnea-radulescu/profil/spieler/1017320,Right Winger,19,Romania,Petrolul,SuperLiga,Romania,NA,FALSE,€400k,Summer,18,12,2,777
Universitatea Craiova,SuperLiga,Romania,2025,Arrivals,Pavlo Isenko,https://www.transfermarkt.com/pavlo-isenko/profil/spieler/726033,Goalkeeper,21,Ukraine,Vorskla Poltava,Persha Liga,Ukraine,NA,FALSE,€350k,Summer,43,32,0,2889
Universitatea Craiova,SuperLiga,Romania,2025,Arrivals,Monday Etim,https://www.transfermarkt.com/monday-etim/profil/spieler/505999,Centre-Forward,26,Nigeria,Hilleröd,1.Division,Denmark,NA,FALSE,€350k,Summer,33,31,8,1473
Universitatea Craiova,SuperLiga,Romania,2025,Arrivals,Darius Fălcușan,https://www.transfermarkt.com/darius-falcusan/profil/spieler/937042,Centre-Back,19,Romania,Empoli U20,Primavera 2 - B,Italy,NA,FALSE,€300k,Summer,20,2,0,38
Universitatea Craiova,SuperLiga,Romania,2025,Arrivals,Nikola Stevanovic,https://www.transfermarkt.com/nikola-stevanovic/profil/spieler/425733,Centre-Back,26,Serbia,Otelul Galati,SuperLiga,Romania,NA,FALSE,€100k,Summer,43,23,1,1529
Universitatea Craiova,SuperLiga,Romania,2025,Arrivals,David Matei,https://www.transfermarkt.com/david-matei/profil/spieler/1112690,Central Midfield,18,Romania,CSA Steaua,Liga 2,Romania,NA,FALSE,€75k,Summer,46,27,4,1982
Universitatea Craiova,SuperLiga,Romania,2025,Arrivals,Adrian Rus,https://www.transfermarkt.com/adrian-rus/profil/spieler/421927,Centre-Back,29,Romania,Pisa,Serie A,Italy,0,FALSE,NA,Summer,28,26,3,2192
Universitatea Craiova,SuperLiga,Romania,2025,Arrivals,Alexandru Crețu,https://www.transfermarkt.com/alexandru-cretu/profil/spieler/216661,Defensive Midfield,33,Romania,Al-Wehda,Saudi First Division League,Saudi Arabia,0,FALSE,NA,Summer,48,29,3,1018
Universitatea Craiova,SuperLiga,Romania,2025,Arrivals,Samuel Teles,https://www.transfermarkt.com/samuel-teles/profil/spieler/597165,Central Midfield,28,Portugal,Otelul Galati,SuperLiga,Romania,0,FALSE,NA,Summer,45,39,1,2121
Universitatea Craiova,SuperLiga,Romania,2025,Arrivals,Tudor Băluță,https://www.transfermarkt.com/tudor-baluta/profil/spieler/433976,Defensive Midfield,26,Romania,Slask Wroclaw,Betclic 1 Liga,Poland,0,FALSE,NA,Summer,43,39,2,2750
Universitatea Craiova,SuperLiga,Romania,2025,Arrivals,Steven Nsimba,https://www.transfermarkt.com/steven-nsimba/profil/spieler/830113,Centre-Forward,29,France,Aubagne Air Bel,Championnat National,France,0,FALSE,NA,Summer,40,37,12,1893
Universitatea Craiova,SuperLiga,Romania,2025,Arrivals,Florin Ștefan,https://www.transfermarkt.com/florin-stefan/profil/spieler/320637,Left-Back,29,Romania,Sepsi OSK,Liga 2,Romania,NA,FALSE,?,Summer,42,20,1,1229
Universitatea Craiova,SuperLiga,Romania,2025,Arrivals,Florin Gașpăr,https://www.transfermarkt.com/florin-gaspar/profil/spieler/992842,Right-Back,17,Romania,U. Craiova U19,NA,Romania,NA,FALSE,-,Summer,1,1,0,28
Universitatea Craiova,SuperLiga,Romania,2025,Arrivals,Robert Lăpădătescu,https://www.transfermarkt.com/robert-lapadatescu/profil/spieler/1040564,Defensive Midfield,18,Romania,U. Craiova U19,NA,Romania,NA,FALSE,-,Summer,NA,NA,NA,NA
Universitatea Craiova,SuperLiga,Romania,2025,Arrivals,Andrei Ivan,https://www.transfermarkt.com/andrei-ivan/profil/spieler/271282,Centre-Forward,28,Romania,Adanaspor,1.Lig,Türkiye,NA,TRUE,End of loan 30/06/2025,Summer,2,2,1,101
Universitatea Craiova,SuperLiga,Romania,2025,Arrivals,Jovan Marković,https://www.transfermarkt.com/jovan-markovic/profil/spieler/418235,Centre-Forward,24,Romania,Otelul Galati,SuperLiga,Romania,NA,TRUE,End of loan 30/06/2025,Summer,4,3,0,11
Universitatea Craiova,SuperLiga,Romania,2025,Arrivals,Jalen Blesa,https://www.transfermarkt.com/jalen-blesa/profil/spieler/973249,Centre-Forward,24,Spain,Dinamo Batumi,Erovnuli Liga,Georgia,NA,TRUE,End of loan 30/06/2025,Summer,NA,NA,NA,NA
Universitatea Craiova,SuperLiga,Romania,2025,Arrivals,David Lazar,https://www.transfermarkt.com/david-lazar/profil/spieler/168278,Goalkeeper,33,Romania,FC Buzau,SuperLiga,Romania,NA,TRUE,End of loan 30/06/2025,Summer,NA,NA,NA,NA
Universitatea Craiova,SuperLiga,Romania,2025,Arrivals,Jean Baptiste Mendy,https://www.transfermarkt.com/jean-baptiste-mendy/profil/spieler/1117983,Centre-Back,21,Senegal,Cetatea Tr. M.,NA,Romania,NA,TRUE,End of loan 30/06/2025,Summer,NA,NA,NA,NA
Universitatea Craiova,SuperLiga,Romania,2025,Arrivals,Denis Benga,https://www.transfermarkt.com/denis-benga/profil/spieler/869983,Left-Back,19,Romania,Gloria Bistrita,NA,Romania,NA,TRUE,End of loan 30/06/2025,Summer,NA,NA,NA,NA
Universitatea Craiova,SuperLiga,Romania,2025,Arrivals,Alexandru Iamandache,https://www.transfermarkt.com/alexandru-iamandache/profil/spieler/972439,Left Winger,26,Romania,CS Afumati,Liga 2,Romania,0,FALSE,NA,Winter,0,0,0,0
Universitatea Craiova,SuperLiga,Romania,2025,Arrivals,Denys Muntean,https://www.transfermarkt.com/denys-muntean/profil/spieler/1179005,Right Winger,16,Romania,U. Craiova U19,NA,Romania,NA,FALSE,-,Winter,16,1,0,7
Universitatea Craiova,SuperLiga,Romania,2025,Arrivals,David Barbu,https://www.transfermarkt.com/david-barbu/profil/spieler/1040566,Centre-Forward,19,Romania,UTA Arad,SuperLiga,Romania,NA,TRUE,End of loan 09/02/2026,Winter,18,7,0,158
CFR Cluj,SuperLiga,Romania,2025,Arrivals,Tidiane Keita,https://www.transfermarkt.com/tidiane-keita/profil/spieler/563614,Central Midfield,28,France,Petrolul,SuperLiga,Romania,NA,FALSE,€400k,Summer,32,27,0,1629
CFR Cluj,SuperLiga,Romania,2025,Arrivals,Mohamed Badamosi,https://www.transfermarkt.com/mohamed-badamosi/profil/spieler/369384,Centre-Forward,26,The Gambia,Cukaricki,Super liga Srbije,Serbia,NA,FALSE,€200k,Summer,21,10,1,483
CFR Cluj,SuperLiga,Romania,2025,Arrivals,Kurt Zouma,https://www.transfermarkt.com/kurt-zouma/profil/spieler/157509,Centre-Back,30,France,West Ham,Premier League,England,0,FALSE,NA,Summer,9,4,0,197
CFR Cluj,SuperLiga,Romania,2025,Arrivals,Karlo Muhar,https://www.transfermarkt.com/karlo-muhar/profil/spieler/388042,Defensive Midfield,29,Croatia,Al-Orobah,Saudi First Division League,Saudi Arabia,0,FALSE,NA,Summer,29,28,3,2097
CFR Cluj,SuperLiga,Romania,2025,Arrivals,Andrei Cordea,https://www.transfermarkt.com/andrei-cordea/profil/spieler/435712,Right Winger,26,Romania,Al-Tai,Saudi First Division League,Saudi Arabia,0,FALSE,NA,Summer,32,30,13,1842
CFR Cluj,SuperLiga,Romania,2025,Arrivals,Marcus Coco,https://www.transfermarkt.com/marcus-coco/profil/spieler/353365,Right-Back,29,Guadeloupe,FC Nantes,Ligue 1,France,0,FALSE,NA,Summer,12,10,0,669
CFR Cluj,SuperLiga,Romania,2025,Arrivals,Antonio Bosec,https://www.transfermarkt.com/antonio-bosec/profil/spieler/450290,Right-Back,27,Croatia,Slaven Belupo,SuperSport HNL,Croatia,0,FALSE,NA,Summer,8,6,0,487
CFR Cluj,SuperLiga,Romania,2025,Arrivals,Ovidiu Perianu,https://www.transfermarkt.com/ovidiu-perianu/profil/spieler/623425,Defensive Midfield,23,Romania,FCSB,SuperLiga,Romania,0,FALSE,NA,Summer,23,2,0,28
CFR Cluj,SuperLiga,Romania,2025,Arrivals,Drilon Islami,https://www.transfermarkt.com/drilon-islami/profil/spieler/690872,Defensive Midfield,24,Kosovo,FC Prishtina,Superliga e Kosovës,Kosovo,0,FALSE,NA,Summer,1,0,0,0
CFR Cluj,SuperLiga,Romania,2025,Arrivals,Islam Slimani,https://www.transfermarkt.com/islam-slimani/profil/spieler/174915,Centre-Forward,37,Algeria,CR Belouizdad,Ligue 1,Algeria,0,FALSE,NA,Summer,23,16,1,476
CFR Cluj,SuperLiga,Romania,2025,Arrivals,Marko Gjorgjievski,https://www.transfermarkt.com/marko-gjorgjievski/profil/spieler/584105,Centre-Forward,25,North Macedonia,Sileks,Prva liga,North Macedonia,0,FALSE,NA,Summer,14,11,0,408
CFR Cluj,SuperLiga,Romania,2025,Arrivals,Alessandro Micai,https://www.transfermarkt.com/alessandro-micai/profil/spieler/167685,Goalkeeper,31,Italy,Cosenza,Serie C - C,Italy,0,FALSE,NA,Summer,13,2,0,180
CFR Cluj,SuperLiga,Romania,2025,Arrivals,Iacopo Cernigoi,https://www.transfermarkt.com/iacopo-cernigoi/profil/spieler/234882,Centre-Forward,30,Italy,Rimini,NA,Italy,0,FALSE,NA,Summer,7,5,0,87
CFR Cluj,SuperLiga,Romania,2025,Arrivals,Octavian Vâlceanu,https://www.transfermarkt.com/octavian-valceanu/profil/spieler/252192,Goalkeeper,28,Romania,Concordia,Liga 2,Romania,0,FALSE,NA,Summer,27,5,0,349
CFR Cluj,SuperLiga,Romania,2025,Arrivals,Daniel Dumbravanu,https://www.transfermarkt.com/daniel-dumbravanu/profil/spieler/464465,Centre-Back,23,Moldova,Lucchese,NA,Italy,0,FALSE,NA,Summer,9,2,1,180
CFR Cluj,SuperLiga,Romania,2025,Arrivals,Tudor Cociș,https://www.transfermarkt.com/tudor-cocis/profil/spieler/863544,Centre-Forward,21,Romania,Sanatatea,NA,Romania,0,FALSE,NA,Summer,NA,NA,NA,NA
CFR Cluj,SuperLiga,Romania,2025,Arrivals,Lorenzo Biliboc,https://www.transfermarkt.com/lorenzo-biliboc/profil/spieler/993687,Right Winger,18,Romania,Juventus U20,Primavera 1,Italy,NA,FALSE,?,Summer,36,31,8,1644
CFR Cluj,SuperLiga,Romania,2025,Arrivals,Mateus Peloggia,https://www.transfermarkt.com/mateus-peloggia/profil/spieler/1083611,Defensive Midfield,22,Brazil,Taubaté U20,NA,Brazil,NA,FALSE,?,Summer,NA,NA,NA,NA
CFR Cluj,SuperLiga,Romania,2025,Arrivals,Ştefan Senciuc,https://www.transfermarkt.com/stefan-senciuc/profil/spieler/1073208,Right-Back,18,Romania,Venezia U19,Primavera 2 - A,Italy,NA,FALSE,?,Summer,NA,NA,NA,NA
CFR Cluj,SuperLiga,Romania,2025,Arrivals,Kenneth Omeruo,https://www.transfermarkt.com/kenneth-omeruo/profil/spieler/131708,Centre-Back,31,Nigeria,Without Club,NA,NA,NA,FALSE,-,Summer,NA,NA,NA,NA
CFR Cluj,SuperLiga,Romania,2025,Arrivals,Theo Yolou,https://www.transfermarkt.com/theo-yolou/profil/spieler/1195481,Centre-Forward,20,Cote d'Ivoire,CFR Cluj U19,NA,Romania,NA,FALSE,-,Summer,NA,NA,NA,NA
CFR Cluj,SuperLiga,Romania,2025,Arrivals,Răzvan Gligor,https://www.transfermarkt.com/razvan-gligor/profil/spieler/1248145,Attacking Midfield,18,Romania,CFR Cluj U19,NA,Romania,NA,FALSE,-,Summer,10,0,0,0
CFR Cluj,SuperLiga,Romania,2025,Arrivals,Alexandru Radu,https://www.transfermarkt.com/alexandru-radu/profil/spieler/1250029,Centre-Back,17,Romania,CFR Cluj U19,NA,Romania,NA,FALSE,-,Summer,4,0,0,0
CFR Cluj,SuperLiga,Romania,2025,Arrivals,Kader Keita,https://www.transfermarkt.com/kader-keita/profil/spieler/658835,Defensive Midfield,24,Cote d'Ivoire,FC Rapid 1923,SuperLiga,Romania,NA,TRUE,End of loan 30/06/2025,Summer,NA,NA,NA,NA
CFR Cluj,SuperLiga,Romania,2025,Arrivals,Anton Kresic,https://www.transfermarkt.com/anton-kresic/profil/spieler/226080,Centre-Back,29,Croatia,HNK Gorica,SuperSport HNL,Croatia,NA,TRUE,End of loan 30/06/2025,Summer,17,4,0,280
CFR Cluj,SuperLiga,Romania,2025,Arrivals,Matija Boben,https://www.transfermarkt.com/matija-boben/profil/spieler/149810,Centre-Back,31,Slovenia,ACSM Poli Iasi,SuperLiga,Romania,NA,TRUE,End of loan 30/06/2025,Summer,NA,NA,NA,NA
CFR Cluj,SuperLiga,Romania,2025,Arrivals,Peter Michael,https://www.transfermarkt.com/peter-michael/profil/spieler/569955,Centre-Forward,27,Nigeria,Ironi Tiberias,Ligat ha'Al,Israel,NA,TRUE,End of loan 30/06/2025,Summer,NA,NA,NA,NA
CFR Cluj,SuperLiga,Romania,2025,Arrivals,Moussa Samake,https://www.transfermarkt.com/moussa-samake/profil/spieler/1185785,Centre-Forward,20,Mali,ACSM Resita,Liga 2,Romania,NA,TRUE,End of loan 30/06/2025,Summer,5,2,0,62
CFR Cluj,SuperLiga,Romania,2025,Arrivals,Robert Filip,https://www.transfermarkt.com/robert-filip/profil/spieler/692121,Central Midfield,23,Romania,FC Botosani,SuperLiga,Romania,NA,TRUE,End of loan 30/06/2025,Summer,NA,NA,NA,NA
CFR Cluj,SuperLiga,Romania,2025,Arrivals,Luca Mihai,https://www.transfermarkt.com/luca-mihai/profil/spieler/608487,Central Midfield,21,Romania,FC Buzau,SuperLiga,Romania,NA,TRUE,End of loan 30/06/2025,Summer,NA,NA,NA,NA
CFR Cluj,SuperLiga,Romania,2025,Arrivals,Emmanuel Mensah,https://www.transfermarkt.com/emmanuel-mensah/profil/spieler/1063914,Centre-Forward,20,Ghana,FC Arges,Liga 2,Romania,NA,TRUE,End of loan 30/06/2025,Summer,2,2,0,5
CFR Cluj,SuperLiga,Romania,2025,Arrivals,Valentin Serebe,https://www.transfermarkt.com/valentin-serebe/profil/spieler/1185784,Centre-Forward,22,Cote d'Ivoire,FC Ballkani,Superliga e Kosovës,Kosovo,NA,TRUE,End of loan 30/06/2025,Summer,NA,NA,NA,NA
CFR Cluj,SuperLiga,Romania,2025,Arrivals,Dominik Șoptirean,https://www.transfermarkt.com/dominik-soptirean/profil/spieler/820240,Centre-Back,20,Romania,Unirea Ungheni,Liga 2,Romania,NA,TRUE,End of loan 30/06/2025,Summer,NA,NA,NA,NA
CFR Cluj,SuperLiga,Romania,2025,Arrivals,Razak Abdullah,https://www.transfermarkt.com/razak-abdullah/profil/spieler/1021816,Attacking Midfield,20,Ghana,CSM Sighet,NA,Romania,NA,TRUE,End of loan 30/06/2025,Summer,NA,NA,NA,NA
CFR Cluj,SuperLiga,Romania,2025,Arrivals,Mohamed Diomande,https://www.transfermarkt.com/mohamed-diomande/profil/spieler/1399971,Centre-Back,21,Cote d'Ivoire,CSM Olimpia SM,NA,Romania,NA,TRUE,End of loan 30/06/2025,Summer,NA,NA,NA,NA
CFR Cluj,SuperLiga,Romania,2025,Arrivals,David Ciubăncan,https://www.transfermarkt.com/david-ciubancan/profil/spieler/1006106,Centre-Forward,20,Romania,Minaur,NA,Romania,NA,TRUE,End of loan 30/06/2025,Summer,12,1,0,1
CFR Cluj,SuperLiga,Romania,2025,Arrivals,Viktor Kun,https://www.transfermarkt.com/viktor-kun/profil/spieler/1043574,Right-Back,20,Romania,Unirea Dej,NA,Romania,NA,TRUE,End of loan 30/06/2025,Summer,43,19,0,1171
CFR Cluj,SuperLiga,Romania,2025,Arrivals,Alin Ferenți,https://www.transfermarkt.com/alin-ferenti/profil/spieler/1154801,Right Winger,20,Romania,SR Brasov,NA,Romania,NA,TRUE,End of loan 30/06/2025,Summer,0,0,0,0
CFR Cluj,SuperLiga,Romania,2025,Arrivals,Vlad Bădău,https://www.transfermarkt.com/vlad-badau/profil/spieler/1158642,Attacking Midfield,18,Romania,CSC Selimbar,Liga 2,Romania,NA,TRUE,End of loan 15/08/2025,Summer,NA,NA,NA,NA
CFR Cluj,SuperLiga,Romania,2025,Arrivals,Mihai Popa,https://www.transfermarkt.com/mihai-popa/profil/spieler/623412,Goalkeeper,25,Romania,Torino,Serie A,Italy,NA,FALSE,€100k,Winter,12,12,0,1110
CFR Cluj,SuperLiga,Romania,2025,Arrivals,Luka Zahovic,https://www.transfermarkt.com/luka-zahovic/profil/spieler/169362,Centre-Forward,30,Slovenia,Górnik Zabrze,Ekstraklasa,Poland,0,FALSE,NA,Winter,10,7,0,113
CFR Cluj,SuperLiga,Romania,2025,Arrivals,Alibek Aliev,https://www.transfermarkt.com/alibek-aliev/profil/spieler/271763,Centre-Forward,29,Sweden,Östers IF,Superettan,Sweden,0,FALSE,NA,Winter,13,13,4,1048
CFR Cluj,SuperLiga,Romania,2025,Arrivals,Ilija Masic,https://www.transfermarkt.com/ilija-masic/profil/spieler/589753,Centre-Back,26,Bosnia-Herzegovina,Zrinjski Mostar,Premijer Liga BiH,Bosnia-Herzegovina,0,FALSE,NA,Winter,8,3,0,213
CFR Cluj,SuperLiga,Romania,2025,Arrivals,Christopher Braun,https://www.transfermarkt.com/christopher-braun/profil/spieler/82657,Right-Back,34,Germany,FC Rapid 1923,SuperLiga,Romania,0,FALSE,NA,Winter,11,6,0,387
CFR Cluj,SuperLiga,Romania,2025,Arrivals,Rion Zejnullahu,https://www.transfermarkt.com/rion-zejnullahu/profil/spieler/708375,Left-Back,22,Kosovo,KF Llapi,Superliga e Kosovës,Kosovo,0,FALSE,NA,Winter,0,0,0,0
CFR Cluj,SuperLiga,Romania,2025,Arrivals,Denis Crișan,https://www.transfermarkt.com/denis-crisan/profil/spieler/902111,Attacking Midfield,18,Romania,Mallorca U19,NA,Spain,NA,FALSE,?,Winter,1,0,0,0
CFR Cluj,SuperLiga,Romania,2025,Arrivals,Marian Huja,https://www.transfermarkt.com/marian-huja/profil/spieler/478347,Centre-Back,26,Portugal,Pogon Szczecin,Ekstraklasa,Poland,NA,TRUE,loan transfer,Winter,9,5,0,208
CFR Cluj,SuperLiga,Romania,2025,Arrivals,Răzvan Gligor,https://www.transfermarkt.com/razvan-gligor/profil/spieler/1248145,Attacking Midfield,19,Romania,ACSM Poli Iasi,Liga 2,Romania,NA,TRUE,End of loan 06/02/2026,Winter,10,0,0,0
FC Dinamo 1948,SuperLiga,Romania,2025,Arrivals,Andrei Mărginean,https://www.transfermarkt.com/andrei-marginean/profil/spieler/547827,Defensive Midfield,23,Romania,Sassuolo,Serie A,Italy,NA,FALSE,€450k,Summer,24,23,0,1377
FC Dinamo 1948,SuperLiga,Romania,2025,Arrivals,Nikita Stoinov,https://www.transfermarkt.com/nikita-stoinov/profil/spieler/982567,Centre-Back,19,Israel,Maccabi Netanya,Ligat ha'Al,Israel,NA,FALSE,€450k,Summer,33,33,0,2955
FC Dinamo 1948,SuperLiga,Romania,2025,Arrivals,Adrian Mazilu,https://www.transfermarkt.com/adrian-mazilu/profil/spieler/723835,Right Winger,19,Romania,Brighton U21,Premier League 2,England,NA,FALSE,€400k,Summer,18,12,0,250
FC Dinamo 1948,SuperLiga,Romania,2025,Arrivals,Cristian Mihai,https://www.transfermarkt.com/cristian-mihai/profil/spieler/974722,Defensive Midfield,20,Romania,UTA Arad,SuperLiga,Romania,NA,FALSE,€350k,Summer,26,21,1,744
FC Dinamo 1948,SuperLiga,Romania,2025,Arrivals,Raul Opruț,https://www.transfermarkt.com/raul-oprut/profil/spieler/393806,Left-Back,27,Romania,KV Kortrijk,Challenger Pro League,Belgium,NA,FALSE,€200k,Summer,36,36,6,3010
FC Dinamo 1948,SuperLiga,Romania,2025,Arrivals,Danny Armstrong,https://www.transfermarkt.com/danny-armstrong/profil/spieler/225236,Right Winger,27,Scotland,Kilmarnock FC,Premiership,Scotland,0,FALSE,NA,Summer,34,33,6,2255
FC Dinamo 1948,SuperLiga,Romania,2025,Arrivals,Alexandru Musi,https://www.transfermarkt.com/alexandru-musi/profil/spieler/881064,Left Winger,20,Romania,FCSB,SuperLiga,Romania,0,FALSE,NA,Summer,30,29,5,2128
FC Dinamo 1948,SuperLiga,Romania,2025,Arrivals,Charalampos Kyriakou,https://www.transfermarkt.com/charalampos-kyriakou/profil/spieler/203970,Defensive Midfield,30,Cyprus,Apol. Limassol,Cyprus League,Cyprus,0,FALSE,NA,Summer,22,21,0,1051
FC Dinamo 1948,SuperLiga,Romania,2025,Arrivals,Jordan Ikoko,https://www.transfermarkt.com/jordan-ikoko/profil/spieler/157491,Right-Back,31,DR Congo,Omonia 29 Maiou,2. Division,Cyprus,0,FALSE,NA,Summer,28,22,0,1145
FC Dinamo 1948,SuperLiga,Romania,2025,Arrivals,Codruț Sandu,https://www.transfermarkt.com/codrut-sandu/profil/spieler/937038,Goalkeeper,19,Romania,FC Rapid 1923,SuperLiga,Romania,0,FALSE,NA,Summer,1,0,0,0
FC Dinamo 1948,SuperLiga,Romania,2025,Arrivals,Alexandru Tabuncic,https://www.transfermarkt.com/alexandru-tabuncic/profil/spieler/1002548,Right-Back,19,Moldova,Rapid 1923 U18,NA,Romania,0,FALSE,NA,Summer,22,1,0,4
FC Dinamo 1948,SuperLiga,Romania,2025,Arrivals,Mamoudou Karamoko,https://www.transfermarkt.com/mamoudou-karamoko/profil/spieler/646782,Centre-Forward,26,France,Copenhagen,Superliga,Denmark,NA,FALSE,?,Summer,25,24,6,1615
FC Dinamo 1948,SuperLiga,Romania,2025,Arrivals,Devis Epassy,https://www.transfermarkt.com/devis-epassy/profil/spieler/170471,Goalkeeper,32,Cameroon,Karmiotissa,2. Division,Cyprus,NA,FALSE,?,Summer,31,24,0,2160
FC Dinamo 1948,SuperLiga,Romania,2025,Arrivals,Matei Marin,https://www.transfermarkt.com/matei-marin/profil/spieler/1144437,Right-Back,19,Romania,CSA Steaua,Liga 2,Romania,NA,FALSE,?,Summer,NA,NA,NA,NA
FC Dinamo 1948,SuperLiga,Romania,2025,Arrivals,Mihnea Toader,https://www.transfermarkt.com/mihnea-toader/profil/spieler/1447367,Centre-Back,18,Romania,Dinamo U19,NA,Romania,NA,FALSE,-,Summer,25,0,0,0
FC Dinamo 1948,SuperLiga,Romania,2025,Arrivals,Luca Bărbulescu,https://www.transfermarkt.com/luca-barbulescu/profil/spieler/1132839,Centre-Forward,18,Romania,Without Club,NA,NA,NA,FALSE,-,Summer,23,2,0,6
FC Dinamo 1948,SuperLiga,Romania,2025,Arrivals,Alberto Soro,https://www.transfermarkt.com/alberto-soro/profil/spieler/487688,Right Winger,26,Spain,Chaves,Liga Portugal 2,Portugal,NA,TRUE,End of loan 30/06/2025,Summer,35,25,4,1524
FC Dinamo 1948,SuperLiga,Romania,2025,Arrivals,Valentin Dumitrache,https://www.transfermarkt.com/valentin-dumitrache/profil/spieler/909053,Centre-Forward,22,Romania,CS Afumati,Liga 2,Romania,NA,TRUE,End of loan 30/06/2025,Summer,NA,NA,NA,NA
FC Dinamo 1948,SuperLiga,Romania,2025,Arrivals,Petru Neagu,https://www.transfermarkt.com/petru-neagu/profil/spieler/549091,Left Winger,25,Moldova,Unirea Slobozia,SuperLiga,Romania,NA,TRUE,End of loan 30/06/2025,Summer,NA,NA,NA,NA
FC Dinamo 1948,SuperLiga,Romania,2025,Arrivals,Denis Oncescu,https://www.transfermarkt.com/denis-oncescu/profil/spieler/887379,Goalkeeper,21,Romania,FC Arges,Liga 2,Romania,NA,TRUE,End of loan 30/06/2025,Summer,NA,NA,NA,NA
FC Dinamo 1948,SuperLiga,Romania,2025,Arrivals,Antonio Bordușanu,https://www.transfermarkt.com/antonio-bordusanu/profil/spieler/863556,Right Winger,20,Romania,ACSM Poli Iasi,SuperLiga,Romania,NA,TRUE,End of loan 30/06/2025,Summer,13,4,0,132
FC Dinamo 1948,SuperLiga,Romania,2025,Arrivals,Andrei Ionică,https://www.transfermarkt.com/andrei-ionica/profil/spieler/1229556,Left Winger,20,Romania,CS Afumati,Liga 2,Romania,NA,TRUE,End of loan 30/06/2025,Summer,NA,NA,NA,NA
FC Dinamo 1948,SuperLiga,Romania,2025,Arrivals,Andrei Ionică,https://www.transfermarkt.com/andrei-ionica/profil/spieler/1229556,Left Winger,21,Romania,CS Dinamo Buc.,Liga 2,Romania,NA,TRUE,End of loan 09/09/2026,Summer,NA,NA,NA,NA
FC Dinamo 1948,SuperLiga,Romania,2025,Arrivals,Cristian Ionescu,https://www.transfermarkt.com/cristian-ionescu/profil/spieler/798355,Right Winger,21,Romania,CS Blejoi,NA,Romania,NA,TRUE,End of loan 30/06/2025,Summer,NA,NA,NA,NA
FC Dinamo 1948,SuperLiga,Romania,2025,Arrivals,Ahmed Bala,https://www.transfermarkt.com/ahmed-bala/profil/spieler/1413244,Left Midfield,20,Nigeria,V. Colonesti,NA,Romania,NA,TRUE,End of loan 09/09/2025,Summer,NA,NA,NA,NA
FC Dinamo 1948,SuperLiga,Romania,2025,Arrivals,Ahmed Bala,https://www.transfermarkt.com/ahmed-bala/profil/spieler/1413244,Left Midfield,20,Nigeria,CS Tunari,NA,Romania,NA,TRUE,End of loan 30/06/2025,Summer,NA,NA,NA,NA
FC Dinamo 1948,SuperLiga,Romania,2025,Arrivals,Sanusi Hussaini,https://www.transfermarkt.com/sanusi-hussaini/profil/spieler/1317469,Right Midfield,19,Nigeria,Modelu,NA,Romania,NA,TRUE,End of loan 30/06/2025,Summer,NA,NA,NA,NA
FC Dinamo 1948,SuperLiga,Romania,2025,Arrivals,Peter Maapia,https://www.transfermarkt.com/peter-maapia/profil/spieler/1317470,Attacking Midfield,19,Nigeria,CSM Fetesti,NA,Romania,NA,TRUE,End of loan 30/06/2025,Summer,NA,NA,NA,NA
FC Dinamo 1948,SuperLiga,Romania,2025,Arrivals,Valentin Țicu,https://www.transfermarkt.com/valentin-ticu/profil/spieler/623420,Left-Back,25,Romania,Petrolul,SuperLiga,Romania,0,FALSE,NA,Winter,13,4,0,37
FC Dinamo 1948,SuperLiga,Romania,2025,Arrivals,Matteo Duțu,https://www.transfermarkt.com/matteo-dutu/profil/spieler/883055,Centre-Back,20,Romania,Milan Futuro,Serie D - B,Italy,NA,FALSE,?,Winter,10,6,0,149
FC Dinamo 1948,SuperLiga,Romania,2025,Arrivals,Ianis Tarbă,https://www.transfermarkt.com/ianis-tarba/profil/spieler/938160,Right Winger,19,Romania,Celta Fortuna,Primera Federación - Gr. I,Spain,NA,FALSE,?,Winter,11,4,0,64
FC Dinamo 1948,SuperLiga,Romania,2025,Arrivals,George Pușcaș,https://www.transfermarkt.com/george-puscas/profil/spieler/208690,Centre-Forward,29,Romania,Without Club,NA,NA,NA,FALSE,-,Winter,0,0,0,0
FC Dinamo 1948,SuperLiga,Romania,2025,Arrivals,Raul Rotund,https://www.transfermarkt.com/raul-rotund/profil/spieler/1115189,Centre-Forward,20,Romania,Unirea Slobozia,SuperLiga,Romania,NA,TRUE,End of loan 07/01/2026,Winter,NA,NA,NA,NA
FC Universitatea Cluj,SuperLiga,Romania,2025,Arrivals,Virgiliu Postolachi,https://www.transfermarkt.com/virgiliu-postolachi/profil/spieler/536519,Centre-Forward,25,Moldova,CFR Cluj,SuperLiga,Romania,NA,FALSE,€160k,Summer,24,16,2,880
FC Universitatea Cluj,SuperLiga,Romania,2025,Arrivals,Quadri Taiwo,https://www.transfermarkt.com/quadri-taiwo/profil/spieler/1360505,Centre-Forward,19,Nigeria,Jimmy FA,NA,Nigeria,NA,FALSE,€150k,Summer,5,2,1,32
FC Universitatea Cluj,SuperLiga,Romania,2025,Arrivals,Raji Ayomide,https://www.transfermarkt.com/raji-ayomide/profil/spieler/1474455,Defensive Midfield,19,Nigeria,Jimmy FA,NA,Nigeria,NA,FALSE,€80k,Summer,NA,NA,NA,NA
FC Universitatea Cluj,SuperLiga,Romania,2025,Arrivals,Alessandro Murgia,https://www.transfermarkt.com/alessandro-murgia/profil/spieler/289061,Central Midfield,28,Italy,SPAL,NA,Italy,0,FALSE,NA,Summer,32,23,1,1181
FC Universitatea Cluj,SuperLiga,Romania,2025,Arrivals,Andrei Gheorghiță,https://www.transfermarkt.com/andrei-gheorghita/profil/spieler/880840,Left Midfield,23,Romania,FCSB,SuperLiga,Romania,0,FALSE,NA,Summer,26,14,1,489
FC Universitatea Cluj,SuperLiga,Romania,2025,Arrivals,Alin Toșca,https://www.transfermarkt.com/alin-tosca/profil/spieler/148004,Centre-Back,33,Romania,Benevento,Serie C - C,Italy,0,FALSE,NA,Summer,21,3,0,239
FC Universitatea Cluj,SuperLiga,Romania,2025,Arrivals,Jonathan Cissé,https://www.transfermarkt.com/jonathan-cisse/profil/spieler/566068,Centre-Back,28,Cote d'Ivoire,Otelul Galati,SuperLiga,Romania,0,FALSE,NA,Summer,29,21,0,1592
FC Universitatea Cluj,SuperLiga,Romania,2025,Arrivals,Miguel Silva,https://www.transfermarkt.com/miguel-silva/profil/spieler/345881,Left-Back,29,Portugal,Otelul Galati,SuperLiga,Romania,0,FALSE,NA,Summer,32,18,1,901
FC Universitatea Cluj,SuperLiga,Romania,2025,Arrivals,Jovo Lukic,https://www.transfermarkt.com/jovo-lukic/profil/spieler/457738,Centre-Forward,26,Bosnia-Herzegovina,Un. Craiova,SuperLiga,Romania,0,FALSE,NA,Summer,32,32,18,2487
FC Universitatea Cluj,SuperLiga,Romania,2025,Arrivals,Dino Mikanovic,https://www.transfermarkt.com/dino-mikanovic/profil/spieler/229625,Right-Back,31,Croatia,HNK Gorica,SuperSport HNL,Croatia,0,FALSE,NA,Summer,31,30,2,2542
FC Universitatea Cluj,SuperLiga,Romania,2025,Arrivals,Mouhamadou Drammeh,https://www.transfermarkt.com/mouhamadou-drammeh/profil/spieler/399551,Defensive Midfield,26,The Gambia,FC Sochaux,Championnat National,France,0,FALSE,NA,Summer,30,22,5,1251
FC Universitatea Cluj,SuperLiga,Romania,2025,Arrivals,Atanas Trică,https://www.transfermarkt.com/atanas-trica/profil/spieler/896370,Centre-Forward,20,Romania,Slatina,Liga 2,Romania,0,FALSE,NA,Summer,30,22,2,731
FC Universitatea Cluj,SuperLiga,Romania,2025,Arrivals,Elio Capradossi,https://www.transfermarkt.com/elio-capradossi/profil/spieler/238947,Centre-Back,29,Uganda,Cittadella,Serie C - A,Italy,0,FALSE,NA,Summer,24,12,1,907
FC Universitatea Cluj,SuperLiga,Romania,2025,Arrivals,Ioan Bârstan,https://www.transfermarkt.com/ioan-barstan/profil/spieler/1161049,Left Winger,21,Romania,CFR Cluj,SuperLiga,Romania,0,FALSE,NA,Summer,8,0,0,0
FC Universitatea Cluj,SuperLiga,Romania,2025,Arrivals,Tobias Horn,https://www.transfermarkt.com/tobias-horn/profil/spieler/1030701,Left-Back,20,Romania,FC Augsburg II,Regionalliga Bayern,Germany,0,FALSE,NA,Summer,NA,NA,NA,NA
FC Universitatea Cluj,SuperLiga,Romania,2025,Arrivals,Omar El Sawy,https://www.transfermarkt.com/omar-el-sawy/profil/spieler/863557,Right Winger,21,Romania,FC Rapid 1923,SuperLiga,Romania,NA,TRUE,loan transfer,Summer,23,21,1,1098
FC Universitatea Cluj,SuperLiga,Romania,2025,Arrivals,Tudor Pojar,https://www.transfermarkt.com/tudor-pojar/profil/spieler/1144436,Centre-Back,19,Romania,U Cluj U18,NA,Romania,NA,FALSE,-,Summer,NA,NA,NA,NA
FC Universitatea Cluj,SuperLiga,Romania,2025,Arrivals,Alin Baciu,https://www.transfermarkt.com/alin-baciu/profil/spieler/1250110,Centre-Forward,18,Romania,U Cluj U18,NA,Romania,NA,FALSE,-,Summer,NA,NA,NA,NA
FC Universitatea Cluj,SuperLiga,Romania,2025,Arrivals,Andrei Dinescu,https://www.transfermarkt.com/andrei-dinescu/profil/spieler/1432363,Left-Back,17,Romania,U Cluj U18,NA,Romania,NA,FALSE,-,Summer,NA,NA,NA,NA
FC Universitatea Cluj,SuperLiga,Romania,2025,Arrivals,Alin Chinteș,https://www.transfermarkt.com/alin-chintes/profil/spieler/1040558,Right-Back,19,Romania,Unirea Ungheni,Liga 2,Romania,NA,TRUE,End of loan 30/06/2025,Summer,31,11,0,450
FC Universitatea Cluj,SuperLiga,Romania,2025,Arrivals,Franck Tchassem,https://www.transfermarkt.com/franck-tchassem/profil/spieler/840521,Right Winger,26,Cameroon,FC Arges,Liga 2,Romania,NA,TRUE,End of loan 30/06/2025,Summer,NA,NA,NA,NA
FC Universitatea Cluj,SuperLiga,Romania,2025,Arrivals,Iustin Chirilă,https://www.transfermarkt.com/iustin-chirila/profil/spieler/1154774,Goalkeeper,19,Romania,FC Voluntari,Liga 2,Romania,NA,TRUE,End of loan 30/06/2025,Summer,18,3,0,270
FC Universitatea Cluj,SuperLiga,Romania,2025,Arrivals,Albert Hofman,https://www.transfermarkt.com/albert-hofman/profil/spieler/916301,Right Winger,22,Romania,Otelul Galati,SuperLiga,Romania,NA,TRUE,End of loan 30/06/2025,Summer,NA,NA,NA,NA
FC Universitatea Cluj,SuperLiga,Romania,2025,Arrivals,Rareș Scocîlcă,https://www.transfermarkt.com/rares-scocilca/profil/spieler/863553,Defensive Midfield,21,Romania,CSM Vaslui,NA,Romania,NA,TRUE,End of loan 30/06/2025,Summer,NA,NA,NA,NA
FC Universitatea Cluj,SuperLiga,Romania,2025,Arrivals,Mario Șfaiț,https://www.transfermarkt.com/mario-sfait/profil/spieler/1278902,Right Winger,20,Romania,SCM Zalau,NA,Romania,NA,TRUE,End of loan 30/06/2025,Summer,NA,NA,NA,NA
FC Universitatea Cluj,SuperLiga,Romania,2025,Arrivals,Antonio Suciu,https://www.transfermarkt.com/antonio-suciu/profil/spieler/1250108,Right Midfield,18,Romania,Minaur,NA,Romania,NA,TRUE,End of loan 30/06/2025,Summer,NA,NA,NA,NA
FC Universitatea Cluj,SuperLiga,Romania,2025,Arrivals,Quadri Taiwo,https://www.transfermarkt.com/quadri-taiwo/profil/spieler/1360505,Centre-Forward,19,Nigeria,Jimmy FA,NA,Nigeria,NA,FALSE,€150k,Winter,5,2,1,32
FC Universitatea Cluj,SuperLiga,Romania,2025,Arrivals,Raji Ayomide,https://www.transfermarkt.com/raji-ayomide/profil/spieler/1474455,Defensive Midfield,19,Nigeria,Jimmy FA,NA,Nigeria,NA,FALSE,€80k,Winter,NA,NA,NA,NA
FC Universitatea Cluj,SuperLiga,Romania,2025,Arrivals,Jug Stanojev,https://www.transfermarkt.com/jug-stanojev/profil/spieler/477923,Right Winger,26,Serbia,Kairat Almaty,Premier Liga,Kazakhstan,0,FALSE,NA,Winter,10,10,1,365
FC Universitatea Cluj,SuperLiga,Romania,2025,Arrivals,Oucasse Mendy,https://www.transfermarkt.com/oucasse-mendy/profil/spieler/859536,Left Winger,24,France,La Louvière,Jupiler Pro League,Belgium,0,FALSE,NA,Winter,12,10,4,569
FC Universitatea Cluj,SuperLiga,Romania,2025,Arrivals,Andrei Coubiș,https://www.transfermarkt.com/andrei-coubis/profil/spieler/692349,Centre-Back,22,Romania,Sampdoria,Serie B,Italy,NA,TRUE,loan transfer,Winter,13,10,2,855
FC Universitatea Cluj,SuperLiga,Romania,2025,Arrivals,Matei Moraru,https://www.transfermarkt.com/matei-moraru/profil/spieler/816946,Left Winger,20,Romania,FC U Craiova,NA,Romania,NA,TRUE,End of loan 15/12/2025,Winter,1,0,0,0
FC Universitatea Cluj,SuperLiga,Romania,2025,Arrivals,Alin Baciu,https://www.transfermarkt.com/alin-baciu/profil/spieler/1250110,Centre-Forward,19,Romania,Minaur,NA,Romania,NA,TRUE,End of loan 31/12/2025,Winter,NA,NA,NA,NA
FC Botosani,SuperLiga,Romania,2025,Arrivals,Sebastian Mailat,https://www.transfermarkt.com/sebastian-mailat/profil/spieler/364697,Left Winger,27,Romania,Sepsi OSK,Liga 2,Romania,0,FALSE,NA,Summer,33,32,8,2223
FC Botosani,SuperLiga,Romania,2025,Arrivals,Miguel Muñoz,https://www.transfermarkt.com/miguel-munoz/profil/spieler/510963,Centre-Back,28,Spain,Piast Gliwice,Ekstraklasa,Poland,0,FALSE,NA,Summer,24,6,0,350
FC Botosani,SuperLiga,Romania,2025,Arrivals,Mihai Bordeianu,https://www.transfermarkt.com/mihai-bordeianu/profil/spieler/210059,Central Midfield,33,Romania,ACSM Poli Iasi,Liga 2,Romania,0,FALSE,NA,Summer,33,30,1,1908
FC Botosani,SuperLiga,Romania,2025,Arrivals,Riad Suta,https://www.transfermarkt.com/riad-suta/profil/spieler/620963,Centre-Back,23,Bosnia-Herzegovina,GOSK Gabela,Prva liga FBIH,Bosnia-Herzegovina,0,FALSE,NA,Summer,33,9,1,646
FC Botosani,SuperLiga,Romania,2025,Arrivals,Mykola Kovtalyuk,https://www.transfermarkt.com/mykola-kovtalyuk/profil/spieler/342609,Centre-Forward,30,Ukraine,Kolos Kovalivka,Premier Liga,Ukraine,0,FALSE,NA,Summer,25,23,5,1013
FC Botosani,SuperLiga,Romania,2025,Arrivals,Andrei Dumiter,https://www.transfermarkt.com/andrei-dumiter/profil/spieler/466722,Centre-Forward,26,Romania,UTA Arad,SuperLiga,Romania,0,FALSE,NA,Summer,34,29,5,1475
FC Botosani,SuperLiga,Romania,2025,Arrivals,Djibril Diaw,https://www.transfermarkt.com/djibril-diaw/profil/spieler/410238,Centre-Back,30,Senegal,G. Bordeaux,National 2 - Grp. A,France,0,FALSE,NA,Summer,25,22,2,1752
FC Botosani,SuperLiga,Romania,2025,Arrivals,Antonio Dumitru,https://www.transfermarkt.com/antonio-dumitru/profil/spieler/938591,Right Winger,20,Romania,SR Brasov,NA,Romania,0,FALSE,NA,Summer,28,12,0,570
FC Botosani,SuperLiga,Romania,2025,Arrivals,David Ciurel,https://www.transfermarkt.com/david-ciurel/profil/spieler/929263,Central Midfield,19,Romania,Stiinta Poli,NA,Romania,0,FALSE,NA,Summer,6,0,0,0
FC Botosani,SuperLiga,Romania,2025,Arrivals,Andrei Dumitru,https://www.transfermarkt.com/andrei-dumitru/profil/spieler/1106358,Attacking Midfield,18,Romania,Toronto FC II,MLS Next Pro,Canada,0,FALSE,NA,Summer,20,5,0,222
FC Botosani,SuperLiga,Romania,2025,Arrivals,Alberto Brașoveanu,https://www.transfermarkt.com/alberto-brasoveanu/profil/spieler/1107229,Centre-Back,20,Romania,FC Botosani U18,NA,Romania,NA,FALSE,-,Summer,NA,NA,NA,NA
FC Botosani,SuperLiga,Romania,2025,Arrivals,Narcis Ilaș,https://www.transfermarkt.com/narcis-ilas/profil/spieler/992843,Right-Back,18,Romania,Ceahlaul,Liga 2,Romania,NA,TRUE,End of loan 30/06/2025,Summer,21,19,0,1478
FC Botosani,SuperLiga,Romania,2025,Arrivals,Răzvan Creț,https://www.transfermarkt.com/razvan-cret/profil/spieler/1027042,Left-Back,19,Romania,Minaur,NA,Romania,NA,TRUE,End of loan 30/06/2025,Summer,29,18,0,1169
FC Botosani,SuperLiga,Romania,2025,Arrivals,Bogdan Filip,https://www.transfermarkt.com/bogdan-filip/profil/spieler/832833,Central Midfield,25,Romania,Cetatea 1932,NA,Romania,NA,TRUE,End of loan 30/06/2025,Summer,NA,NA,NA,NA
FC Botosani,SuperLiga,Romania,2025,Arrivals,Șerban Tomache,https://www.transfermarkt.com/serban-tomache/profil/spieler/983944,Goalkeeper,21,Romania,Somuz Falticeni,NA,Romania,NA,TRUE,End of loan 30/06/2025,Summer,2,0,0,0
FC Botosani,SuperLiga,Romania,2025,Arrivals,Denis Ștefan,https://www.transfermarkt.com/denis-stefan/profil/spieler/1170488,Centre-Forward,18,Romania,Gloria Ultra,NA,Romania,NA,TRUE,End of loan 30/06/2025,Summer,4,1,0,14
FC Botosani,SuperLiga,Romania,2025,Arrivals,Lucas de Vega,https://www.transfermarkt.com/lucas-de-vega/profil/spieler/388555,Central Midfield,26,Brazil,Panevezys,Toplyga,Lithuania,0,FALSE,NA,Winter,1,0,0,0
FC Botosani,SuperLiga,Romania,2025,Arrivals,Alexandru Bota,https://www.transfermarkt.com/alexandru-bota/profil/spieler/1118865,Central Midfield,17,Romania,U Cluj,SuperLiga,Romania,NA,TRUE,loan transfer,Winter,5,3,0,136
FCV Farul Constanta,SuperLiga,Romania,2025,Arrivals,Nicolas Constantinescu,https://www.transfermarkt.com/nicolas-constantinescu/profil/spieler/1412044,Centre-Forward,18,Romania,Aerostar,NA,Romania,NA,FALSE,€40k,Summer,0,0,0,0
FCV Farul Constanta,SuperLiga,Romania,2025,Arrivals,Jovan Marković,https://www.transfermarkt.com/jovan-markovic/profil/spieler/418235,Centre-Forward,24,Romania,Un. Craiova,SuperLiga,Romania,0,FALSE,NA,Summer,27,18,5,622
FCV Farul Constanta,SuperLiga,Romania,2025,Arrivals,Steve Furtado,https://www.transfermarkt.com/steve-furtado/profil/spieler/203498,Right-Back,30,Cape Verde,CSKA 1948,efbet Liga,Bulgaria,0,FALSE,NA,Summer,24,16,0,1010
FCV Farul Constanta,SuperLiga,Romania,2025,Arrivals,Boban Nikolov,https://www.transfermarkt.com/boban-nikolov/profil/spieler/207625,Central Midfield,31,North Macedonia,B. Banja Luka,Premijer Liga BiH,Bosnia-Herzegovina,0,FALSE,NA,Summer,12,7,0,263
FCV Farul Constanta,SuperLiga,Romania,2025,Arrivals,Alexandru Ișfan,https://www.transfermarkt.com/alexandru-isfan/profil/spieler/672055,Centre-Forward,25,Romania,Un. Craiova,SuperLiga,Romania,0,FALSE,NA,Summer,32,32,10,2419
FCV Farul Constanta,SuperLiga,Romania,2025,Arrivals,Jakub Vojtus,https://www.transfermarkt.com/jakub-vojtus/profil/spieler/104990,Centre-Forward,31,Slovakia,Unirea Slobozia,SuperLiga,Romania,0,FALSE,NA,Summer,27,20,1,668
FCV Farul Constanta,SuperLiga,Romania,2025,Arrivals,Lucas Pellegrini,https://www.transfermarkt.com/lucas-pellegrini/profil/spieler/601044,Centre-Back,25,France,AS Nancy,Ligue 2,France,0,FALSE,NA,Summer,34,18,0,1218
FCV Farul Constanta,SuperLiga,Romania,2025,Arrivals,Ramalho,https://www.transfermarkt.com/ramalho/profil/spieler/478588,Central Midfield,26,Portugal,SC Covilhã,Liga 3,Portugal,0,FALSE,NA,Summer,33,33,1,1992
FCV Farul Constanta,SuperLiga,Romania,2025,Arrivals,André Seruca,https://www.transfermarkt.com/andre-seruca/profil/spieler/683538,Defensive Midfield,24,Portugal,Farense,Liga Portugal 2,Portugal,NA,FALSE,?,Summer,12,7,0,197
FCV Farul Constanta,SuperLiga,Romania,2025,Arrivals,Robert Sălceanu,https://www.transfermarkt.com/robert-salceanu/profil/spieler/809240,Left-Back,21,Romania,FC Buzau,NA,Romania,NA,FALSE,?,Summer,NA,NA,NA,NA
FCV Farul Constanta,SuperLiga,Romania,2025,Arrivals,Ștefan Duțu,https://www.transfermarkt.com/stefan-dutu/profil/spieler/927982,Centre-Back,21,Romania,FCV Farul II,NA,Romania,NA,FALSE,-,Summer,36,7,0,351
FCV Farul Constanta,SuperLiga,Romania,2025,Arrivals,Rafael Munteanu,https://www.transfermarkt.com/rafael-munteanu/profil/spieler/937037,Goalkeeper,19,Romania,FCV Farul U18,NA,Romania,NA,FALSE,-,Summer,35,10,0,900
FCV Farul Constanta,SuperLiga,Romania,2025,Arrivals,David Păcuraru,https://www.transfermarkt.com/david-pacuraru/profil/spieler/937051,Centre-Forward,19,Romania,FCV Farul U18,NA,Romania,NA,FALSE,-,Summer,2,0,0,0
FCV Farul Constanta,SuperLiga,Romania,2025,Arrivals,Ianis Croitoru,https://www.transfermarkt.com/ianis-croitoru/profil/spieler/1163780,Left-Back,18,Romania,FCV Farul U18,NA,Romania,NA,FALSE,-,Summer,NA,NA,NA,NA
FCV Farul Constanta,SuperLiga,Romania,2025,Arrivals,Cristian Sima,https://www.transfermarkt.com/cristian-sima/profil/spieler/1335803,Left Winger,18,Romania,FCV Farul U18,NA,Romania,NA,FALSE,-,Summer,21,17,0,598
FCV Farul Constanta,SuperLiga,Romania,2025,Arrivals,Ianis Avrămescu,https://www.transfermarkt.com/ianis-avramescu/profil/spieler/1067298,Right Winger,16,Romania,FCV Farul U18,NA,Romania,NA,FALSE,-,Summer,3,0,0,0
FCV Farul Constanta,SuperLiga,Romania,2025,Arrivals,Răzvan Tănasă,https://www.transfermarkt.com/razvan-tanasa/profil/spieler/798248,Left Winger,22,Romania,Otelul Galati,SuperLiga,Romania,NA,TRUE,End of loan 30/06/2025,Summer,34,34,6,2447
FCV Farul Constanta,SuperLiga,Romania,2025,Arrivals,David Maftei,https://www.transfermarkt.com/david-maftei/profil/spieler/731518,Right-Back,20,Romania,Otelul Galati,SuperLiga,Romania,NA,TRUE,End of loan 30/06/2025,Summer,25,24,1,1559
FCV Farul Constanta,SuperLiga,Romania,2025,Arrivals,Gabriel Dănuleasă,https://www.transfermarkt.com/gabriel-danuleasa/profil/spieler/666434,Centre-Back,22,Romania,CS Afumati,Liga 2,Romania,NA,TRUE,End of loan 30/06/2025,Summer,0,0,0,0
FCV Farul Constanta,SuperLiga,Romania,2025,Arrivals,Gabriel Dănuleasă,https://www.transfermarkt.com/gabriel-danuleasa/profil/spieler/666434,Centre-Back,22,Romania,Metalul Buzau,Liga 2,Romania,NA,TRUE,End of loan 31/12/2025,Summer,0,0,0,0
FCV Farul Constanta,SuperLiga,Romania,2025,Arrivals,Vlad Rafailă,https://www.transfermarkt.com/vlad-rafaila/profil/spieler/723823,Goalkeeper,20,Romania,Lecce U20,Primavera 1,Italy,NA,TRUE,End of loan 30/06/2025,Summer,NA,NA,NA,NA
FCV Farul Constanta,SuperLiga,Romania,2025,Arrivals,Darius Grosu,https://www.transfermarkt.com/darius-grosu/profil/spieler/568557,Right-Back,23,Romania,Metalul Buzau,Liga 2,Romania,NA,TRUE,End of loan 30/06/2025,Summer,NA,NA,NA,NA
FCV Farul Constanta,SuperLiga,Romania,2025,Arrivals,Emanuel Martinovic,https://www.transfermarkt.com/emanuel-martinovic/profil/spieler/863543,Centre-Back,20,Romania,Unirea Dej,NA,Romania,NA,TRUE,End of loan 30/06/2025,Summer,NA,NA,NA,NA
FCV Farul Constanta,SuperLiga,Romania,2025,Arrivals,Denis Alibec,https://www.transfermarkt.com/denis-alibec/profil/spieler/81396,Centre-Forward,35,Romania,FCSB,SuperLiga,Romania,0,FALSE,NA,Winter,6,6,3,388
FCV Farul Constanta,SuperLiga,Romania,2025,Arrivals,Rareș Fotin,https://www.transfermarkt.com/rares-fotin/profil/spieler/1341645,Centre-Back,18,Romania,G. Manresa U19,NA,Spain,0,FALSE,NA,Winter,4,1,0,90
FCV Farul Constanta,SuperLiga,Romania,2025,Arrivals,David Dincă,https://www.transfermarkt.com/david-dinca/profil/spieler/709668,Goalkeeper,21,Romania,ACSM Resita,Liga 2,Romania,NA,TRUE,End of loan 29/01/2026,Winter,NA,NA,NA,NA
FCV Farul Constanta,SuperLiga,Romania,2025,Arrivals,Mario Aioanei,https://www.transfermarkt.com/mario-aioanei/profil/spieler/858489,Right-Back,20,Romania,CSM Olimpia SM,Liga 2,Romania,NA,TRUE,End of loan 19/11/2025,Winter,NA,NA,NA,NA
UTA Arad,SuperLiga,Romania,2025,Arrivals,Ovidiu Popescu,https://www.transfermarkt.com/ovidiu-popescu/profil/spieler/289017,Defensive Midfield,31,Romania,U Cluj,SuperLiga,Romania,0,FALSE,NA,Summer,29,18,0,860
UTA Arad,SuperLiga,Romania,2025,Arrivals,Sota Mino,https://www.transfermarkt.com/sota-mino/profil/spieler/474909,Central Midfield,30,Japan,Sepsi OSK,Liga 2,Romania,0,FALSE,NA,Summer,22,21,0,1095
UTA Arad,SuperLiga,Romania,2025,Arrivals,Hakim Abdallah,https://www.transfermarkt.com/hakim-abdallah/profil/spieler/354338,Centre-Forward,27,Madagascar,FC Dinamo,SuperLiga,Romania,0,FALSE,NA,Summer,29,29,5,2349
UTA Arad,SuperLiga,Romania,2025,Arrivals,Alin Roman,https://www.transfermarkt.com/alin-roman/profil/spieler/186741,Attacking Midfield,31,Romania,ACSM Poli Iasi,Liga 2,Romania,0,FALSE,NA,Summer,34,34,7,2501
UTA Arad,SuperLiga,Romania,2025,Arrivals,Mevlan Zeka,https://www.transfermarkt.com/mevlan-zeka/profil/spieler/605901,Centre-Forward,31,Kosovo,FC Suhareka,NA,Kosovo,0,FALSE,NA,Summer,NA,NA,NA,NA
UTA Arad,SuperLiga,Romania,2025,Arrivals,Din Alomerovic,https://www.transfermarkt.com/din-alomerovic/profil/spieler/343357,Left-Back,28,North Macedonia,Rabotnicki,Prva liga,North Macedonia,0,FALSE,NA,Summer,33,31,3,2367
UTA Arad,SuperLiga,Romania,2025,Arrivals,Dmytro Pospelov,https://www.transfermarkt.com/dmytro-pospelov/profil/spieler/108866,Centre-Back,33,Ukraine,Unirea Slobozia,SuperLiga,Romania,0,FALSE,NA,Summer,29,28,4,2520
UTA Arad,SuperLiga,Romania,2025,Arrivals,Andrea Padula,https://www.transfermarkt.com/andrea-padula/profil/spieler/334665,Left-Back,29,Romania,FC U Craiova,NA,Romania,0,FALSE,NA,Summer,25,21,0,1081
UTA Arad,SuperLiga,Romania,2025,Arrivals,Luca Mihai,https://www.transfermarkt.com/luca-mihai/profil/spieler/608487,Central Midfield,21,Romania,CFR Cluj,SuperLiga,Romania,0,FALSE,NA,Summer,32,15,1,743
UTA Arad,SuperLiga,Romania,2025,Arrivals,Marius Coman,https://www.transfermarkt.com/marius-coman/profil/spieler/394475,Centre-Forward,29,Romania,Sepsi OSK,Liga 2,Romania,NA,TRUE,loan transfer,Summer,25,24,8,1552
UTA Arad,SuperLiga,Romania,2025,Arrivals,Flavius Iacob,https://www.transfermarkt.com/flavius-iacob/profil/spieler/932800,Right-Back,24,Romania,Corvinul,Liga 2,Romania,NA,TRUE,loan transfer,Summer,36,27,1,1162
UTA Arad,SuperLiga,Romania,2025,Arrivals,Laurențiu Vlăsceanu,https://www.transfermarkt.com/laurentiu-vlasceanu/profil/spieler/912165,Left-Back,20,Romania,FCSB,SuperLiga,Romania,NA,TRUE,loan transfer,Summer,14,4,0,121
UTA Arad,SuperLiga,Romania,2025,Arrivals,David Barbu,https://www.transfermarkt.com/david-barbu/profil/spieler/1040566,Centre-Forward,19,Romania,Un. Craiova,SuperLiga,Romania,NA,TRUE,loan transfer,Summer,19,19,2,541
UTA Arad,SuperLiga,Romania,2025,Arrivals,Mark Țuțu,https://www.transfermarkt.com/mark-tutu/profil/spieler/1287033,Right-Back,21,Romania,Ceahlaul,Liga 2,Romania,NA,TRUE,loan transfer,Summer,34,31,0,2317
UTA Arad,SuperLiga,Romania,2025,Arrivals,Marko Stolnik,https://www.transfermarkt.com/marko-stolnik/profil/spieler/226095,Centre-Back,29,Croatia,Without Club,NA,NA,NA,FALSE,-,Summer,21,5,0,307
UTA Arad,SuperLiga,Romania,2025,Arrivals,Richard Odada,https://www.transfermarkt.com/richard-odada/profil/spieler/675238,Central Midfield,25,Kenya,Without Club,NA,NA,NA,FALSE,-,Summer,15,15,0,1000
UTA Arad,SuperLiga,Romania,2025,Arrivals,Darius Iurașciuc,https://www.transfermarkt.com/darius-iurasciuc/profil/spieler/870033,Centre-Back,19,Romania,UTA Arad U19,NA,Romania,NA,FALSE,-,Summer,NA,NA,NA,NA
UTA Arad,SuperLiga,Romania,2025,Arrivals,Denis Țăroi,https://www.transfermarkt.com/denis-taroi/profil/spieler/1346805,Attacking Midfield,17,Romania,UTA Arad U19,NA,Romania,NA,FALSE,-,Summer,28,11,0,420
UTA Arad,SuperLiga,Romania,2025,Arrivals,Alexandru Hodoșan-Olar,https://www.transfermarkt.com/alexandru-hodosan-olar/profil/spieler/1369430,Central Midfield,16,Romania,UTA Arad U19,NA,Romania,NA,FALSE,-,Summer,10,0,0,0
UTA Arad,SuperLiga,Romania,2025,Arrivals,Andrei Dumiter,https://www.transfermarkt.com/andrei-dumiter/profil/spieler/466722,Centre-Forward,26,Romania,FC Voluntari,Liga 2,Romania,NA,TRUE,End of loan 30/06/2025,Summer,NA,NA,NA,NA
UTA Arad,SuperLiga,Romania,2025,Arrivals,Cristian Blaga,https://www.transfermarkt.com/cristian-blaga/profil/spieler/1001915,Goalkeeper,20,Romania,Corvinul,Liga 2,Romania,NA,TRUE,End of loan 30/06/2025,Summer,NA,NA,NA,NA
UTA Arad,SuperLiga,Romania,2025,Arrivals,Răzvan Ristin,https://www.transfermarkt.com/razvan-ristin/profil/spieler/1156313,Defensive Midfield,20,Romania,Pecica,NA,Romania,NA,TRUE,End of loan 30/06/2025,Summer,NA,NA,NA,NA
UTA Arad,SuperLiga,Romania,2025,Arrivals,Alex Bokse,https://www.transfermarkt.com/alex-bokse/profil/spieler/1158641,Centre-Back,20,Romania,V. Arad,NA,Romania,NA,TRUE,End of loan 30/06/2025,Summer,NA,NA,NA,NA
UTA Arad,SuperLiga,Romania,2025,Arrivals,Ime Ndon,https://www.transfermarkt.com/ime-ndon/profil/spieler/953522,Left Winger,22,Nigeria,Milsami,Super Liga (Phase 2),Moldova,0,FALSE,NA,Winter,5,1,0,18
UTA Arad,SuperLiga,Romania,2025,Arrivals,Árpád Tordai,https://www.transfermarkt.com/arpad-tordai/profil/spieler/271294,Goalkeeper,28,Romania,Zalgiris,Toplyga,Lithuania,0,FALSE,NA,Winter,12,4,0,360
UTA Arad,SuperLiga,Romania,2025,Arrivals,David Ciubăncan,https://www.transfermarkt.com/david-ciubancan/profil/spieler/1006106,Centre-Forward,21,Romania,CFR Cluj,SuperLiga,Romania,0,FALSE,NA,Winter,7,2,0,59
UTA Arad,SuperLiga,Romania,2025,Arrivals,Luka Gojkovic,https://www.transfermarkt.com/luka-gojkovic/profil/spieler/652618,Attacking Midfield,26,Serbia,FC Rapid 1923,SuperLiga,Romania,NA,TRUE,loan transfer,Winter,6,6,0,280
UTA Arad,SuperLiga,Romania,2025,Arrivals,Patriot Sejdiu,https://www.transfermarkt.com/patriot-sejdiu/profil/spieler/593411,Right Winger,25,Kosovo,Without Club,NA,NA,NA,FALSE,-,Winter,0,0,0,0
UTA Arad,SuperLiga,Romania,2025,Arrivals,Denis Lungu-Bocean,https://www.transfermarkt.com/denis-lungu-bocean/profil/spieler/600635,Goalkeeper,22,Romania,Without Club,NA,NA,NA,FALSE,-,Winter,NA,NA,NA,NA
UTA Arad,SuperLiga,Romania,2025,Arrivals,Tudor Telcean,https://www.transfermarkt.com/tudor-telcean/profil/spieler/671627,Centre-Back,24,Romania,Ceahlaul,Liga 2,Romania,NA,TRUE,End of loan 12/02/2026,Winter,NA,NA,NA,NA
UTA Arad,SuperLiga,Romania,2025,Arrivals,Darius Iurașciuc,https://www.transfermarkt.com/darius-iurasciuc/profil/spieler/870033,Centre-Back,20,Romania,Corvinul,Liga 2,Romania,NA,TRUE,End of loan 06/01/2026,Winter,NA,NA,NA,NA
Petrolul Ploiesti,SuperLiga,Romania,2025,Arrivals,Adi Chică-Roșă,https://www.transfermarkt.com/adi-chica-rosa/profil/spieler/736722,Centre-Forward,26,Romania,FC Botosani,SuperLiga,Romania,0,FALSE,NA,Summer,35,34,4,1956
Petrolul Ploiesti,SuperLiga,Romania,2025,Arrivals,Guilherme,https://www.transfermarkt.com/guilherme/profil/spieler/657385,Centre-Back,24,Portugal,ACSM Poli Iasi,Liga 2,Romania,0,FALSE,NA,Summer,32,14,0,1010
Petrolul Ploiesti,SuperLiga,Romania,2025,Arrivals,Franjo Prce,https://www.transfermarkt.com/franjo-prce/profil/spieler/240260,Centre-Back,29,Croatia,Okzhetpes,Premier Liga,Kazakhstan,0,FALSE,NA,Summer,25,17,0,1199
Petrolul Ploiesti,SuperLiga,Romania,2025,Arrivals,Oscar Correia,https://www.transfermarkt.com/oscar-correia/profil/spieler/345235,Right Winger,27,Switzerland,Etoile Carouge,Challenge League,Switzerland,0,FALSE,NA,Summer,4,2,0,36
Petrolul Ploiesti,SuperLiga,Romania,2025,Arrivals,Moutir Chajia,https://www.transfermarkt.com/moutir-chajia/profil/spieler/448538,Right Winger,27,Belgium,Dinamo Batumi,Erovnuli Liga,Georgia,0,FALSE,NA,Summer,NA,NA,NA,NA
Petrolul Ploiesti,SuperLiga,Romania,2025,Arrivals,Konstantinos Doumtsios,https://www.transfermarkt.com/konstantinos-doumtsios/profil/spieler/358261,Centre-Forward,27,Greece,FC Den Bosch,Keuken Kampioen Divisie,Netherlands,0,FALSE,NA,Summer,24,20,1,910
Petrolul Ploiesti,SuperLiga,Romania,2025,Arrivals,Brahima Doukansy,https://www.transfermarkt.com/brahima-doukansy/profil/spieler/517378,Defensive Midfield,25,France,Nîmes Olympique,National 2 - Grp. C,France,0,FALSE,NA,Summer,23,17,1,790
Petrolul Ploiesti,SuperLiga,Romania,2025,Arrivals,Stefan Krell,https://www.transfermarkt.com/stefan-krell/profil/spieler/75919,Goalkeeper,33,Austria,Unirea Slobozia,SuperLiga,Romania,0,FALSE,NA,Summer,36,15,0,1245
Petrolul Ploiesti,SuperLiga,Romania,2025,Arrivals,Robert Sălceanu,https://www.transfermarkt.com/robert-salceanu/profil/spieler/809240,Left-Back,21,Romania,FCV Farul,SuperLiga,Romania,0,FALSE,NA,Summer,17,16,1,1264
Petrolul Ploiesti,SuperLiga,Romania,2025,Arrivals,Miguel Constantinescu,https://www.transfermarkt.com/miguel-constantinescu/profil/spieler/928036,Right Winger,20,Romania,FC U Craiova,NA,Romania,0,FALSE,NA,Summer,1,0,0,0
Petrolul Ploiesti,SuperLiga,Romania,2025,Arrivals,Rafinha,https://www.transfermarkt.com/rafinha/profil/spieler/566875,Second Striker,27,Spain,Inter Escaldes,Primera Divisió,Andorra,NA,FALSE,?,Summer,14,10,3,469
Petrolul Ploiesti,SuperLiga,Romania,2025,Arrivals,Danel Dongmo,https://www.transfermarkt.com/danel-dongmo/profil/spieler/929612,Central Midfield,24,Cameroon,Vardar,Prva liga,North Macedonia,NA,FALSE,?,Summer,27,27,0,2221
Petrolul Ploiesti,SuperLiga,Romania,2025,Arrivals,Marco Dulca,https://www.transfermarkt.com/marco-dulca/profil/spieler/391445,Defensive Midfield,26,Romania,Without Club,NA,NA,NA,FALSE,-,Summer,18,18,1,1198
Petrolul Ploiesti,SuperLiga,Romania,2025,Arrivals,Jérôme Onguéné,https://www.transfermarkt.com/jerome-onguene/profil/spieler/272638,Centre-Back,27,Cameroon,Without Club,NA,NA,NA,FALSE,-,Summer,11,6,0,391
Petrolul Ploiesti,SuperLiga,Romania,2025,Arrivals,Juan Pătraşcu,https://www.transfermarkt.com/juan-patrascu/profil/spieler/1088074,Centre-Back,21,Romania,Petrolul II,NA,Romania,NA,FALSE,-,Summer,NA,NA,NA,NA
Petrolul Ploiesti,SuperLiga,Romania,2025,Arrivals,Augustin Dumitrache,https://www.transfermarkt.com/augustin-dumitrache/profil/spieler/937067,Attacking Midfield,19,Romania,Petrolul II,NA,Romania,NA,FALSE,-,Summer,14,1,0,45
Petrolul Ploiesti,SuperLiga,Romania,2025,Arrivals,Rareș Manolache,https://www.transfermarkt.com/rares-manolache/profil/spieler/1340003,Centre-Forward,15,Romania,Ploiesti U19,NA,Romania,NA,FALSE,-,Summer,7,0,0,0
Petrolul Ploiesti,SuperLiga,Romania,2025,Arrivals,Adrian Nicolae,https://www.transfermarkt.com/adrian-nicolae/profil/spieler/608475,Centre-Back,21,Romania,Metaloglobus,Liga 2,Romania,NA,TRUE,End of loan 30/06/2025,Summer,NA,NA,NA,NA
Petrolul Ploiesti,SuperLiga,Romania,2025,Arrivals,David Ilie,https://www.transfermarkt.com/david-ilie/profil/spieler/925688,Centre-Forward,20,Romania,SR Brasov,NA,Romania,NA,TRUE,End of loan 30/06/2025,Summer,3,1,0,32
Petrolul Ploiesti,SuperLiga,Romania,2025,Arrivals,Eduard Berbeacă,https://www.transfermarkt.com/eduard-berbeaca/profil/spieler/1015719,Goalkeeper,21,Romania,CS Blejoi,NA,Romania,NA,TRUE,End of loan 30/06/2025,Summer,NA,NA,NA,NA
Petrolul Ploiesti,SuperLiga,Romania,2025,Arrivals,Alessio Tudor,https://www.transfermarkt.com/alessio-tudor/profil/spieler/937049,Attacking Midfield,19,Romania,CSO Băicoi,NA,Romania,NA,TRUE,End of loan 30/06/2025,Summer,NA,NA,NA,NA
Petrolul Ploiesti,SuperLiga,Romania,2025,Arrivals,Nana Boateng,https://www.transfermarkt.com/nana-boateng/profil/spieler/236272,Defensive Midfield,31,Ghana,Without Club,NA,NA,0,FALSE,NA,Winter,5,4,0,78
Petrolul Ploiesti,SuperLiga,Romania,2025,Arrivals,Diogo Rodrigues,https://www.transfermarkt.com/diogo-rodrigues/profil/spieler/598377,Right-Back,26,Portugal,Zimbru Chisinau,Super Liga (Phase 2),Moldova,0,FALSE,NA,Winter,12,3,0,198
Petrolul Ploiesti,SuperLiga,Romania,2025,Arrivals,Andres Dumitrescu,https://www.transfermarkt.com/andres-dumitrescu/profil/spieler/547812,Left-Back,24,Romania,Slavia Praha,Chance Liga,Czech Republic,0,FALSE,NA,Winter,10,10,1,826
Petrolul Ploiesti,SuperLiga,Romania,2025,Arrivals,Ștefan Georgescu,https://www.transfermarkt.com/stefan-georgescu/profil/spieler/897346,Goalkeeper,24,Romania,Tel. Văleni,NA,Romania,0,FALSE,NA,Winter,0,0,0,0
Petrolul Ploiesti,SuperLiga,Romania,2025,Arrivals,Cristian Ignat,https://www.transfermarkt.com/cristian-ignat/profil/spieler/716054,Centre-Back,22,Romania,FC Rapid 1923,SuperLiga,Romania,NA,TRUE,loan transfer,Winter,11,6,0,389
Petrolul Ploiesti,SuperLiga,Romania,2025,Arrivals,Rareș Pop,https://www.transfermarkt.com/rares-pop/profil/spieler/837240,Right Winger,20,Romania,FC Rapid 1923,SuperLiga,Romania,NA,TRUE,loan transfer,Winter,10,10,1,618
Petrolul Ploiesti,SuperLiga,Romania,2025,Arrivals,Abat Aymbetov,https://www.transfermarkt.com/abat-aymbetov/profil/spieler/253819,Centre-Forward,30,Kazakhstan,Without Club,NA,NA,NA,FALSE,-,Winter,4,3,0,57
Petrolul Ploiesti,SuperLiga,Romania,2025,Arrivals,Marco Dulca,https://www.transfermarkt.com/marco-dulca/profil/spieler/391445,Defensive Midfield,26,Romania,Without Club,NA,NA,NA,FALSE,-,Winter,18,18,1,1198
ACSC FC Arges,SuperLiga,Romania,2025,Arrivals,Vadim Rață,https://www.transfermarkt.com/vadim-rata/profil/spieler/136128,Central Midfield,32,Moldova,U Cluj,SuperLiga,Romania,0,FALSE,NA,Summer,34,32,1,2263
ACSC FC Arges,SuperLiga,Romania,2025,Arrivals,Dorinel Oancea,https://www.transfermarkt.com/dorinel-oancea/profil/spieler/556116,Right-Back,28,Romania,U Cluj,SuperLiga,Romania,0,FALSE,NA,Summer,35,29,0,2138
ACSC FC Arges,SuperLiga,Romania,2025,Arrivals,Ricardo Matos,https://www.transfermarkt.com/ricardo-matos/profil/spieler/535958,Centre-Forward,25,Portugal,FC Buzau,NA,Romania,0,FALSE,NA,Summer,31,30,10,1821
ACSC FC Arges,SuperLiga,Romania,2025,Arrivals,Caio,https://www.transfermarkt.com/caio/profil/spieler/1122898,Right Winger,24,Brazil,Balti,Super Liga (Phase 2),Moldova,0,FALSE,NA,Summer,22,21,3,1412
ACSC FC Arges,SuperLiga,Romania,2025,Arrivals,Leard Sadriu,https://www.transfermarkt.com/leard-sadriu/profil/spieler/482364,Centre-Back,24,Kosovo,NS Mura,Prva Liga,Slovenia,0,FALSE,NA,Summer,33,33,3,2798
ACSC FC Arges,SuperLiga,Romania,2025,Arrivals,Adel Bettaieb,https://www.transfermarkt.com/adel-bettaieb/profil/spieler/610484,Left Winger,28,Tunisia,U Cluj,SuperLiga,Romania,0,FALSE,NA,Summer,35,35,9,2464
ACSC FC Arges,SuperLiga,Romania,2025,Arrivals,Rober Sierra,https://www.transfermarkt.com/rober-sierra/profil/spieler/381209,Defensive Midfield,29,Spain,CSA Steaua,Liga 2,Romania,0,FALSE,NA,Summer,35,35,3,2965
ACSC FC Arges,SuperLiga,Romania,2025,Arrivals,David Lazar,https://www.transfermarkt.com/david-lazar/profil/spieler/168278,Goalkeeper,33,Romania,Un. Craiova,SuperLiga,Romania,0,FALSE,NA,Summer,29,21,0,1890
ACSC FC Arges,SuperLiga,Romania,2025,Arrivals,Franck Tchassem,https://www.transfermarkt.com/franck-tchassem/profil/spieler/840521,Right Winger,26,Cameroon,U Cluj,SuperLiga,Romania,0,FALSE,NA,Summer,23,6,0,154
ACSC FC Arges,SuperLiga,Romania,2025,Arrivals,Nacho Heras,https://www.transfermarkt.com/nacho-heras/profil/spieler/396320,Centre-Forward,28,Spain,CSA Steaua,Liga 2,Romania,0,FALSE,NA,Summer,9,5,0,239
ACSC FC Arges,SuperLiga,Romania,2025,Arrivals,Jakov Blagaic,https://www.transfermarkt.com/jakov-blagaic/profil/spieler/434711,Attacking Midfield,25,Croatia,P. Niepolomice,Betclic 1 Liga,Poland,NA,FALSE,?,Summer,32,20,1,1092
ACSC FC Arges,SuperLiga,Romania,2025,Arrivals,Robert Popescu,https://www.transfermarkt.com/robert-popescu/profil/spieler/986504,Left Winger,22,Romania,FC Voluntari,Liga 2,Romania,NA,FALSE,?,Summer,17,3,0,121
ACSC FC Arges,SuperLiga,Romania,2025,Arrivals,Kevin Brobbey,https://www.transfermarkt.com/kevin-brobbey/profil/spieler/187290,Centre-Forward,32,Netherlands,Without Club,NA,NA,NA,FALSE,-,Summer,20,17,4,514
ACSC FC Arges,SuperLiga,Romania,2025,Arrivals,Adriano Manole,https://www.transfermarkt.com/adriano-manole/profil/spieler/1160214,Central Midfield,17,Romania,Arges U19,NA,Romania,NA,FALSE,-,Summer,28,5,0,19
ACSC FC Arges,SuperLiga,Romania,2025,Arrivals,Luca Crăciun,https://www.transfermarkt.com/luca-craciun/profil/spieler/1076318,Goalkeeper,16,Romania,Arges U19,NA,Romania,NA,FALSE,-,Summer,15,1,0,1
ACSC FC Arges,SuperLiga,Romania,2025,Arrivals,Patrick Dulcea,https://www.transfermarkt.com/patrick-dulcea/profil/spieler/1038445,Attacking Midfield,21,Romania,Unirea Slobozia,SuperLiga,Romania,NA,TRUE,End of loan 30/06/2026,Summer,NA,NA,NA,NA
ACSC FC Arges,SuperLiga,Romania,2025,Arrivals,Valentin Buhăcianu,https://www.transfermarkt.com/valentin-buhacianu/profil/spieler/394464,Centre-Forward,31,Romania,Campulung,Liga 2,Romania,NA,TRUE,End of loan 30/06/2025,Summer,NA,NA,NA,NA
ACSC FC Arges,SuperLiga,Romania,2025,Arrivals,Alexandru Dinoci,https://www.transfermarkt.com/alexandru-dinoci/profil/spieler/1043573,Central Midfield,20,Romania,Rm. Valcea,NA,Romania,NA,TRUE,End of loan 30/06/2025,Summer,NA,NA,NA,NA
ACSC FC Arges,SuperLiga,Romania,2025,Arrivals,Alexandru Silveanu,https://www.transfermarkt.com/alexandru-silveanu/profil/spieler/672895,Goalkeeper,21,Romania,Campulung,Liga 2,Romania,NA,TRUE,End of loan 30/06/2025,Summer,NA,NA,NA,NA
ACSC FC Arges,SuperLiga,Romania,2025,Arrivals,Claudiu Micovschi,https://www.transfermarkt.com/claudiu-micovschi/profil/spieler/319231,Right Winger,26,Romania,FC Rapid 1923,SuperLiga,Romania,NA,FALSE,€40k,Winter,10,10,1,442
ACSC FC Arges,SuperLiga,Romania,2025,Arrivals,Cătălin Căbuz,https://www.transfermarkt.com/catalin-cabuz/profil/spieler/315442,Goalkeeper,29,Romania,FC Hermannstadt,SuperLiga,Romania,0,FALSE,NA,Winter,7,7,0,660
ACSC FC Arges,SuperLiga,Romania,2025,Arrivals,Xian Emmers,https://www.transfermarkt.com/xian-emmers/profil/spieler/365449,Attacking Midfield,26,Belgium,Phoenix Rising,USLC,United States,0,FALSE,NA,Winter,4,4,0,38
ACSC FC Arges,SuperLiga,Romania,2025,Arrivals,Michael Idowu,https://www.transfermarkt.com/michael-idowu/profil/spieler/1511602,Right Winger,19,Nigeria,Jimmy FA,NA,Nigeria,NA,FALSE,?,Winter,8,1,0,1
ACSC FC Arges,SuperLiga,Romania,2025,Arrivals,Bogdan Bușe,https://www.transfermarkt.com/bogdan-buse/profil/spieler/1184701,Centre-Back,18,Romania,U. Craiova U19,NA,Romania,NA,FALSE,?,Winter,4,1,0,1
ACSC FC Arges,SuperLiga,Romania,2025,Arrivals,Claudiu Stancu,https://www.transfermarkt.com/claudiu-stancu/profil/spieler/1327485,Left-Back,16,Romania,Arges U19,NA,Romania,NA,FALSE,-,Winter,2,1,0,21
ACSC FC Arges,SuperLiga,Romania,2025,Arrivals,Franck Tchassem,https://www.transfermarkt.com/franck-tchassem/profil/spieler/840521,Right Winger,27,Cameroon,ACSM Resita,Liga 2,Romania,NA,TRUE,End of loan 30/06/2026,Winter,23,6,0,154
FC Hermannstadt,SuperLiga,Romania,2025,Arrivals,Diogo Batista,https://www.transfermarkt.com/diogo-batista/profil/spieler/372446,Central Midfield,25,Portugal,Penafiel,Liga Portugal 2,Portugal,0,FALSE,NA,Summer,22,7,0,138
FC Hermannstadt,SuperLiga,Romania,2025,Arrivals,Andreas Karo,https://www.transfermarkt.com/andreas-karo/profil/spieler/203966,Centre-Back,28,Cyprus,M. Petah Tikva,Liga Leumit,Israel,0,FALSE,NA,Summer,21,19,1,1365
FC Hermannstadt,SuperLiga,Romania,2025,Arrivals,Dragoș Albu,https://www.transfermarkt.com/dragos-albu/profil/spieler/547820,Defensive Midfield,24,Romania,FC U Craiova,NA,Romania,0,FALSE,NA,Summer,36,34,3,2316
FC Hermannstadt,SuperLiga,Romania,2025,Arrivals,Jair Tavares,https://www.transfermarkt.com/jair-tavares/profil/spieler/432742,Central Midfield,30,Brazil,Mes Rafsanjan,Persian Gulf League,Iran,0,FALSE,NA,Summer,28,22,0,1103
FC Hermannstadt,SuperLiga,Romania,2025,Arrivals,Luca Stancu,https://www.transfermarkt.com/luca-stancu/profil/spieler/1229554,Right-Back,20,Romania,Campulung,Liga 2,Romania,0,FALSE,NA,Summer,35,25,1,1521
FC Hermannstadt,SuperLiga,Romania,2025,Arrivals,Patrick Vuc,https://www.transfermarkt.com/patrick-vuc/profil/spieler/1028683,Attacking Midfield,21,Romania,SGV Freiberg,Regionalliga Südwest,Germany,0,FALSE,NA,Summer,21,6,0,120
FC Hermannstadt,SuperLiga,Romania,2025,Arrivals,Marko Gjorgjievski,https://www.transfermarkt.com/marko-gjorgjievski/profil/spieler/584105,Centre-Forward,25,North Macedonia,CFR Cluj,SuperLiga,Romania,NA,FALSE,?,Summer,23,20,2,734
FC Hermannstadt,SuperLiga,Romania,2025,Arrivals,Robert Rusu,https://www.transfermarkt.com/robert-rusu/profil/spieler/1154108,Goalkeeper,17,Romania,U. Craiova U19,NA,Romania,NA,FALSE,?,Summer,NA,NA,NA,NA
FC Hermannstadt,SuperLiga,Romania,2025,Arrivals,Ioan Bârstan,https://www.transfermarkt.com/ioan-barstan/profil/spieler/1161049,Left Winger,21,Romania,U Cluj,SuperLiga,Romania,NA,TRUE,loan transfer,Summer,23,1,0,4
FC Hermannstadt,SuperLiga,Romania,2025,Arrivals,Alexandru Jipa,https://www.transfermarkt.com/alexandru-jipa/profil/spieler/938289,Right Winger,22,Romania,FC Buzau,SuperLiga,Romania,NA,TRUE,End of loan 30/06/2025,Summer,NA,NA,NA,NA
FC Hermannstadt,SuperLiga,Romania,2025,Arrivals,Saeed Issah,https://www.transfermarkt.com/saeed-issah/profil/spieler/610414,Left-Back,25,Ghana,Metaloglobus,Liga 2,Romania,NA,TRUE,End of loan 30/06/2025,Summer,27,11,0,574
FC Hermannstadt,SuperLiga,Romania,2025,Arrivals,Kevin Ciubotaru,https://www.transfermarkt.com/kevin-ciubotaru/profil/spieler/710076,Left-Back,21,Romania,Unirea Ungheni,Liga 2,Romania,NA,TRUE,End of loan 30/06/2025,Summer,35,31,0,2426
FC Hermannstadt,SuperLiga,Romania,2025,Arrivals,Alexandru Uțiu,https://www.transfermarkt.com/alexandru-utiu/profil/spieler/940627,Goalkeeper,21,Romania,CSM Focsani,Liga 2,Romania,NA,TRUE,End of loan 30/06/2025,Summer,NA,NA,NA,NA
FC Hermannstadt,SuperLiga,Romania,2025,Arrivals,Răzvan Călugăr,https://www.transfermarkt.com/razvan-calugar/profil/spieler/1040560,Left-Back,19,Romania,Unirea Alba I.,NA,Romania,NA,TRUE,End of loan 30/06/2025,Summer,NA,NA,NA,NA
FC Hermannstadt,SuperLiga,Romania,2025,Arrivals,Christ Afalna,https://www.transfermarkt.com/christ-afalna/profil/spieler/840538,Centre-Forward,27,Cameroon,Unirea Slobozia,SuperLiga,Romania,0,FALSE,NA,Winter,12,11,2,614
FC Hermannstadt,SuperLiga,Romania,2025,Arrivals,Bozhidar Chorbadzhiyski,https://www.transfermarkt.com/bozhidar-chorbadzhiyski/profil/spieler/271399,Centre-Back,30,Bulgaria,Botev Vratsa,efbet Liga,Bulgaria,0,FALSE,NA,Winter,9,9,1,733
FC Hermannstadt,SuperLiga,Romania,2025,Arrivals,Eduard Florescu,https://www.transfermarkt.com/eduard-florescu/profil/spieler/379194,Right Winger,28,Romania,Unirea Slobozia,SuperLiga,Romania,0,FALSE,NA,Winter,13,12,1,1000
FC Hermannstadt,SuperLiga,Romania,2025,Arrivals,David Lazar,https://www.transfermarkt.com/david-lazar/profil/spieler/168278,Goalkeeper,34,Romania,FC Arges,SuperLiga,Romania,0,FALSE,NA,Winter,8,8,0,690
FC Hermannstadt,SuperLiga,Romania,2025,Arrivals,Aviel Zargari,https://www.transfermarkt.com/aviel-zargari/profil/spieler/668676,Defensive Midfield,23,Israel,B. Jerusalem,Ligat ha'Al,Israel,0,FALSE,NA,Winter,10,10,0,483
FC Hermannstadt,SuperLiga,Romania,2025,Arrivals,Moonga Simba,https://www.transfermarkt.com/moonga-simba/profil/spieler/651376,Right Winger,25,Sweden,Sandvikens IF,Superettan,Sweden,NA,FALSE,?,Winter,11,7,1,274
FC Hermannstadt,SuperLiga,Romania,2025,Arrivals,Dennis Politic,https://www.transfermarkt.com/dennis-politic/profil/spieler/470152,Left Winger,25,Romania,FCSB,SuperLiga,Romania,NA,TRUE,loan transfer,Winter,8,8,0,455
FC Hermannstadt,SuperLiga,Romania,2025,Arrivals,Sebastian Ritivoi,https://www.transfermarkt.com/sebastian-ritivoi/profil/spieler/1498824,Left Winger,16,Romania,Hermannst. U19,NA,Romania,NA,FALSE,-,Winter,10,0,0,0
FC Hermannstadt,SuperLiga,Romania,2025,Arrivals,Patrick Ntim,https://www.transfermarkt.com/patrick-ntim/profil/spieler/1437171,Central Midfield,20,Ghana,CSC Selimbar,Liga 2,Romania,NA,TRUE,End of loan 05/01/2026,Winter,NA,NA,NA,NA
FC Hermannstadt,SuperLiga,Romania,2025,Arrivals,Răzvan Călugăr,https://www.transfermarkt.com/razvan-calugar/profil/spieler/1040560,Left-Back,20,Romania,CSC Selimbar,Liga 2,Romania,NA,TRUE,End of loan 30/06/2026,Winter,NA,NA,NA,NA
FC Hermannstadt,SuperLiga,Romania,2025,Arrivals,Obed Ankrah,https://www.transfermarkt.com/obed-ankrah/profil/spieler/1433059,Goalkeeper,22,Ghana,CSC Selimbar,Liga 2,Romania,NA,TRUE,End of loan 01/01/2026,Winter,NA,NA,NA,NA
SC Otelul Galati,SuperLiga,Romania,2025,Arrivals,Paul Iacob,https://www.transfermarkt.com/paul-iacob/profil/spieler/303359,Centre-Back,29,Romania,FC Rapid 1923,SuperLiga,Romania,0,FALSE,NA,Summer,25,25,1,2105
SC Otelul Galati,SuperLiga,Romania,2025,Arrivals,João Lameira,https://www.transfermarkt.com/joao-lameira/profil/spieler/357165,Defensive Midfield,26,Portugal,Baltika,Premier Liga,Russia,0,FALSE,NA,Summer,29,29,3,2455
SC Otelul Galati,SuperLiga,Romania,2025,Arrivals,Andrézinho,https://www.transfermarkt.com/andrezinho/profil/spieler/647125,Left Winger,28,Portugal,Alverca,Liga Portugal,Portugal,0,FALSE,NA,Summer,35,35,5,2628
SC Otelul Galati,SuperLiga,Romania,2025,Arrivals,Răzvan Trif,https://www.transfermarkt.com/razvan-trif/profil/spieler/395799,Left-Back,27,Romania,UTA Arad,SuperLiga,Romania,0,FALSE,NA,Summer,5,4,0,190
SC Otelul Galati,SuperLiga,Romania,2025,Arrivals,João Paulo,https://www.transfermarkt.com/joao-paulo/profil/spieler/623965,Defensive Midfield,27,Cape Verde,FC Sheriff,Super Liga (Phase 2),Moldova,0,FALSE,NA,Summer,22,22,1,1813
SC Otelul Galati,SuperLiga,Romania,2025,Arrivals,Né Lopes,https://www.transfermarkt.com/ne-lopes/profil/spieler/641153,Centre-Back,25,Portugal,Torreense,Liga Portugal 2,Portugal,0,FALSE,NA,Summer,23,17,1,1263
SC Otelul Galati,SuperLiga,Romania,2025,Arrivals,Pedro Nuno,https://www.transfermarkt.com/pedro-nuno/profil/spieler/335380,Attacking Midfield,30,Portugal,Korona Kielce,Ekstraklasa,Poland,0,FALSE,NA,Summer,20,20,7,1518
SC Otelul Galati,SuperLiga,Romania,2025,Arrivals,Andrei Ciobanu,https://www.transfermarkt.com/andrei-ciobanu/profil/spieler/340980,Attacking Midfield,27,Romania,FCV Farul,SuperLiga,Romania,0,FALSE,NA,Summer,34,32,2,1589
SC Otelul Galati,SuperLiga,Romania,2025,Arrivals,Vadik Murria,https://www.transfermarkt.com/vadik-murria/profil/spieler/627283,Centre-Back,24,Russia,SD Tarazona,Primera Federación - Gr. II,Spain,0,FALSE,NA,Summer,15,12,0,571
SC Otelul Galati,SuperLiga,Romania,2025,Arrivals,Dan Neicu,https://www.transfermarkt.com/dan-neicu/profil/spieler/913979,Centre-Back,22,Romania,FC Nöttingen,Oberliga Baden-Württemberg,Germany,0,FALSE,NA,Summer,33,5,0,217
SC Otelul Galati,SuperLiga,Romania,2025,Arrivals,Cristian Neicu,https://www.transfermarkt.com/cristian-neicu/profil/spieler/1105946,Right Winger,20,Romania,FC Oberneuland,Bremenliga,Germany,0,FALSE,NA,Summer,32,7,0,166
SC Otelul Galati,SuperLiga,Romania,2025,Arrivals,Matei Frunză,https://www.transfermarkt.com/matei-frunza/profil/spieler/1410848,Right Winger,19,Romania,Rapid 1923 U18,NA,Romania,0,FALSE,NA,Summer,25,8,0,95
SC Otelul Galati,SuperLiga,Romania,2025,Arrivals,Conrado,https://www.transfermarkt.com/conrado/profil/spieler/514674,Left-Back,28,Brazil,Atlético-GO,Série B,Brazil,NA,FALSE,?,Summer,26,26,7,2208
SC Otelul Galati,SuperLiga,Romania,2025,Arrivals,Paulinho,https://www.transfermarkt.com/paulinho/profil/spieler/842718,Centre-Forward,25,Portugal,Viborg FF,Superliga,Denmark,NA,FALSE,?,Summer,22,22,7,1225
SC Otelul Galati,SuperLiga,Romania,2025,Arrivals,Kazu,https://www.transfermarkt.com/kazu/profil/spieler/428993,Left-Back,25,Brazil,Gil Vicente,Liga Portugal,Portugal,NA,FALSE,?,Summer,18,15,1,748
SC Otelul Galati,SuperLiga,Romania,2025,Arrivals,Patrick,https://www.transfermarkt.com/patrick/profil/spieler/552534,Centre-Forward,31,Cape Verde,Marítimo,Liga Portugal 2,Portugal,NA,FALSE,?,Summer,35,35,4,2162
SC Otelul Galati,SuperLiga,Romania,2025,Arrivals,Daniel Sandu,https://www.transfermarkt.com/daniel-sandu/profil/spieler/1264865,Right Winger,18,Romania,Metaloglobus,SuperLiga,Romania,NA,FALSE,?,Summer,34,16,0,604
SC Otelul Galati,SuperLiga,Romania,2025,Arrivals,Ștefan Bană,https://www.transfermarkt.com/stefan-bana/profil/spieler/963964,Right Winger,20,Romania,Un. Craiova,SuperLiga,Romania,NA,TRUE,loan transfer,Summer,18,18,4,1396
SC Otelul Galati,SuperLiga,Romania,2025,Arrivals,Radu Postelnicu,https://www.transfermarkt.com/radu-postelnicu/profil/spieler/1408988,Right Winger,17,Romania,Otelul Galati U19,NA,Romania,NA,FALSE,-,Summer,27,0,0,0
SC Otelul Galati,SuperLiga,Romania,2025,Arrivals,Jakob Novak,https://www.transfermarkt.com/jakob-novak/profil/spieler/320865,Central Midfield,27,Slovenia,Zhenis ,Premier Liga,Kazakhstan,NA,TRUE,End of loan 30/06/2025,Summer,NA,NA,NA,NA
SC Otelul Galati,SuperLiga,Romania,2025,Arrivals,Ștefan Farcaș,https://www.transfermarkt.com/stefan-farcas/profil/spieler/1004799,Right-Back,22,Romania,Campulung,Liga 2,Romania,NA,TRUE,End of loan 30/06/2025,Summer,NA,NA,NA,NA
SC Otelul Galati,SuperLiga,Romania,2025,Arrivals,Gabriel Ursu,https://www.transfermarkt.com/gabriel-ursu/profil/spieler/940628,Goalkeeper,23,Romania,U. Branistea,NA,Romania,NA,TRUE,End of loan 30/06/2025,Summer,31,0,0,0
SC Otelul Galati,SuperLiga,Romania,2025,Arrivals,Denis Bordun,https://www.transfermarkt.com/denis-bordun/profil/spieler/1065319,Right Winger,19,Romania,U. Branistea,NA,Romania,NA,TRUE,End of loan 30/06/2025,Summer,32,22,2,844
SC Otelul Galati,SuperLiga,Romania,2025,Arrivals,Luan Campos,https://www.transfermarkt.com/luan-campos/profil/spieler/819249,Right Winger,23,Brazil,Sivasspor,1.Lig,Türkiye,0,FALSE,NA,Winter,3,3,0,259
SC Otelul Galati,SuperLiga,Romania,2025,Arrivals,Bruno Paz,https://www.transfermarkt.com/bruno-paz/profil/spieler/314963,Central Midfield,27,Angola,Zimbru Chisinau,Super Liga (Phase 2),Moldova,0,FALSE,NA,Winter,12,11,0,281
SC Otelul Galati,SuperLiga,Romania,2025,Arrivals,Gabriel Debeljuh,https://www.transfermarkt.com/gabriel-debeljuh/profil/spieler/340073,Centre-Forward,29,Croatia,Without Club,NA,NA,NA,FALSE,-,Winter,11,10,0,587
FK Csikszereda Miercurea Ciuc,SuperLiga,Romania,2025,Arrivals,Lóránd Pászka,https://www.transfermarkt.com/lorand-paszka/profil/spieler/291976,Left-Back,29,Romania,Ferencváros,NB I.,Hungary,NA,FALSE,€200k,Summer,28,28,2,2390
FK Csikszereda Miercurea Ciuc,SuperLiga,Romania,2025,Arrivals,Szabolcs Szilágyi,https://www.transfermarkt.com/szabolcs-szilagyi/profil/spieler/914715,Central Midfield,21,Romania,Vasas FC,NB II.,Hungary,NA,FALSE,€10k,Summer,19,6,0,171
FK Csikszereda Miercurea Ciuc,SuperLiga,Romania,2025,Arrivals,Bence Végh,https://www.transfermarkt.com/bence-vegh/profil/spieler/544171,Defensive Midfield,28,Hungary,MTK Budapest,NB I.,Hungary,0,FALSE,NA,Summer,31,28,0,2130
FK Csikszereda Miercurea Ciuc,SuperLiga,Romania,2025,Arrivals,János Ferenczi,https://www.transfermarkt.com/janos-ferenczi/profil/spieler/159014,Left-Back,34,Hungary,Debrecen,NB I.,Hungary,0,FALSE,NA,Summer,22,20,1,1547
FK Csikszereda Miercurea Ciuc,SuperLiga,Romania,2025,Arrivals,János Hegedűs,https://www.transfermarkt.com/janos-hegedus/profil/spieler/261328,Centre-Back,28,Hungary,Paksi FC,NB I.,Hungary,0,FALSE,NA,Summer,28,23,0,2025
FK Csikszereda Miercurea Ciuc,SuperLiga,Romania,2025,Arrivals,Eduard Pap,https://www.transfermarkt.com/eduard-pap/profil/spieler/249080,Goalkeeper,31,Romania,Dumbravita,Liga 2,Romania,0,FALSE,NA,Summer,32,30,0,2700
FK Csikszereda Miercurea Ciuc,SuperLiga,Romania,2025,Arrivals,Maks Celic,https://www.transfermarkt.com/maks-celic/profil/spieler/348768,Centre-Back,29,Croatia,B. Banja Luka,Premijer Liga BiH,Bosnia-Herzegovina,0,FALSE,NA,Summer,19,10,0,799
FK Csikszereda Miercurea Ciuc,SuperLiga,Romania,2025,Arrivals,Márton Eppel,https://www.transfermarkt.com/marton-eppel/profil/spieler/109197,Centre-Forward,33,Hungary,Nyíregyháza,NB I.,Hungary,0,FALSE,NA,Summer,33,33,18,1924
FK Csikszereda Miercurea Ciuc,SuperLiga,Romania,2025,Arrivals,Alpár Gergely,https://www.transfermarkt.com/alpar-gergely/profil/spieler/1188089,Centre-Forward,17,Romania,KSE Tg.Secuiesc,NA,Romania,0,FALSE,NA,Summer,17,5,0,121
FK Csikszereda Miercurea Ciuc,SuperLiga,Romania,2025,Arrivals,Bálint Szabó,https://www.transfermarkt.com/balint-szabo/profil/spieler/520013,Attacking Midfield,24,Hungary,Paksi FC,NB I.,Hungary,NA,FALSE,?,Summer,17,17,0,872
FK Csikszereda Miercurea Ciuc,SuperLiga,Romania,2025,Arrivals,Szabolcs Szalay,https://www.transfermarkt.com/szabolcs-szalay/profil/spieler/543776,Centre-Forward,23,Hungary,Zalaegerszeg,NB I.,Hungary,NA,FALSE,?,Summer,36,31,3,1355
FK Csikszereda Miercurea Ciuc,SuperLiga,Romania,2025,Arrivals,Norbert Kaján,https://www.transfermarkt.com/norbert-kajan/profil/spieler/874943,Right-Back,20,Hungary,Ferencváros,NB I.,Hungary,NA,TRUE,loan transfer,Summer,12,1,0,2
FK Csikszereda Miercurea Ciuc,SuperLiga,Romania,2025,Arrivals,Szabolcs Dusinszki,https://www.transfermarkt.com/szabolcs-dusinszki/profil/spieler/869975,Attacking Midfield,20,Hungary,Puskás AFC,NB I.,Hungary,NA,TRUE,loan transfer,Summer,28,19,0,506
FK Csikszereda Miercurea Ciuc,SuperLiga,Romania,2025,Arrivals,Előd Tóth-Pál,https://www.transfermarkt.com/elod-toth-pal/profil/spieler/1475114,Centre-Forward,18,Romania,Csikszereda U19,NA,Romania,NA,FALSE,-,Summer,9,3,0,63
FK Csikszereda Miercurea Ciuc,SuperLiga,Romania,2025,Arrivals,Luca Noveli,https://www.transfermarkt.com/luca-noveli/profil/spieler/1389869,Centre-Forward,17,Romania,Csikszereda U19,NA,Romania,NA,FALSE,-,Summer,12,3,0,59
FK Csikszereda Miercurea Ciuc,SuperLiga,Romania,2025,Arrivals,Lóránd Bencze,https://www.transfermarkt.com/lorand-bencze/profil/spieler/1375842,Left-Back,15,Romania,Csikszereda U19,NA,Romania,NA,FALSE,-,Summer,7,2,0,18
FK Csikszereda Miercurea Ciuc,SuperLiga,Romania,2025,Arrivals,Botond Karandi,https://www.transfermarkt.com/botond-karandi/profil/spieler/1163074,Central Midfield,19,Romania,O. Secuiesc,NA,Romania,NA,TRUE,End of loan 30/06/2026,Summer,NA,NA,NA,NA
FK Csikszereda Miercurea Ciuc,SuperLiga,Romania,2025,Arrivals,Robert Ronai,https://www.transfermarkt.com/robert-ronai/profil/spieler/1158643,Left Winger,20,Romania,O. Secuiesc,NA,Romania,NA,TRUE,End of loan 30/06/2025,Summer,NA,NA,NA,NA
FK Csikszereda Miercurea Ciuc,SuperLiga,Romania,2025,Arrivals,Dániel Lukács,https://www.transfermarkt.com/daniel-lukacs/profil/spieler/1011427,Goalkeeper,20,Romania,O. Secuiesc,NA,Romania,NA,TRUE,End of loan 30/06/2025,Summer,NA,NA,NA,NA
FK Csikszereda Miercurea Ciuc,SuperLiga,Romania,2025,Arrivals,Zsombor Deáky,https://www.transfermarkt.com/zsombor-deaky/profil/spieler/1411382,Goalkeeper,17,Romania,O. Secuiesc,NA,Romania,NA,TRUE,End of loan 30/06/2025,Summer,8,0,0,0
FK Csikszereda Miercurea Ciuc,SuperLiga,Romania,2025,Arrivals,Wilhelm Loeper,https://www.transfermarkt.com/wilhelm-loeper/profil/spieler/405786,Right Midfield,27,Sweden,Helsingborgs IF,Superettan,Sweden,0,FALSE,NA,Winter,6,6,2,356
FK Csikszereda Miercurea Ciuc,SuperLiga,Romania,2025,Arrivals,Mátyás Tajti,https://www.transfermarkt.com/matyas-tajti/profil/spieler/263381,Central Midfield,27,Hungary,Újpest FC,NB I.,Hungary,0,FALSE,NA,Winter,3,2,0,38
FK Csikszereda Miercurea Ciuc,SuperLiga,Romania,2025,Arrivals,Mariano Bettini,https://www.transfermarkt.com/mariano-bettini/profil/spieler/873233,Right-Back,29,Argentina,CA Güemes,Primera Nacional,Argentina,0,FALSE,NA,Winter,12,3,0,225
FK Csikszereda Miercurea Ciuc,SuperLiga,Romania,2025,Arrivals,Arian Kabashi,https://www.transfermarkt.com/arian-kabashi/profil/spieler/335548,Centre-Back,29,Kosovo,Botev Vratsa,efbet Liga,Bulgaria,NA,FALSE,?,Winter,9,6,0,495
FK Csikszereda Miercurea Ciuc,SuperLiga,Romania,2025,Arrivals,Zoárd Nagy,https://www.transfermarkt.com/zoard-nagy/profil/spieler/638954,Centre-Forward,25,Hungary,Puskás AFC,NB I.,Hungary,NA,TRUE,loan transfer,Winter,11,11,0,435
FK Csikszereda Miercurea Ciuc,SuperLiga,Romania,2025,Arrivals,Răzvan Trif,https://www.transfermarkt.com/razvan-trif/profil/spieler/395799,Left-Back,28,Romania,Without Club,NA,NA,NA,FALSE,-,Winter,12,8,1,720
FK Csikszereda Miercurea Ciuc,SuperLiga,Romania,2025,Arrivals,László Kleinheisler,https://www.transfermarkt.com/laszlo-kleinheisler/profil/spieler/220656,Attacking Midfield,31,Hungary,Without Club,NA,NA,NA,FALSE,-,Winter,6,5,1,363
FK Csikszereda Miercurea Ciuc,SuperLiga,Romania,2025,Arrivals,Gustavo Cabral,https://www.transfermarkt.com/gustavo-cabral/profil/spieler/1135708,Attacking Midfield,24,Brazil,Vila Nova FC,Série B,Brazil,NA,FALSE,-,Winter,12,8,0,298
FK Csikszereda Miercurea Ciuc,SuperLiga,Romania,2025,Arrivals,Előd Tóth-Pál,https://www.transfermarkt.com/elod-toth-pal/profil/spieler/1475114,Centre-Forward,18,Romania,Csikszereda U19,NA,Romania,NA,FALSE,-,Winter,9,3,0,63
FK Csikszereda Miercurea Ciuc,SuperLiga,Romania,2025,Arrivals,Luca Noveli,https://www.transfermarkt.com/luca-noveli/profil/spieler/1389869,Centre-Forward,17,Romania,Csikszereda U19,NA,Romania,NA,FALSE,-,Winter,12,3,0,59
FK Csikszereda Miercurea Ciuc,SuperLiga,Romania,2025,Arrivals,Daniel Brügger,https://www.transfermarkt.com/daniel-brugger/profil/spieler/1490395,Attacking Midfield,17,Romania,Csikszereda U19,NA,Romania,NA,FALSE,-,Winter,7,1,0,1
FK Csikszereda Miercurea Ciuc,SuperLiga,Romania,2025,Arrivals,Darius Bota,https://www.transfermarkt.com/darius-bota/profil/spieler/1455935,Attacking Midfield,16,Romania,Csikszereda U19,NA,Romania,NA,FALSE,-,Winter,12,8,0,208
FK Csikszereda Miercurea Ciuc,SuperLiga,Romania,2025,Arrivals,Zsombor Deáky,https://www.transfermarkt.com/zsombor-deaky/profil/spieler/1411382,Goalkeeper,18,Romania,CSM Olimpia SM,Liga 2,Romania,NA,TRUE,End of loan 04/01/2026,Winter,8,0,0,0
AFC Unirea 04 Slobozia,SuperLiga,Romania,2025,Arrivals,Eduard Florescu,https://www.transfermarkt.com/eduard-florescu/profil/spieler/379194,Right Winger,28,Romania,Yelimay,Premier Liga,Kazakhstan,0,FALSE,NA,Summer,19,17,1,709
AFC Unirea 04 Slobozia,SuperLiga,Romania,2025,Arrivals,Robert Popa,https://www.transfermarkt.com/robert-popa/profil/spieler/568618,Goalkeeper,22,Romania,FC U Craiova,NA,Romania,0,FALSE,NA,Summer,24,6,0,540
AFC Unirea 04 Slobozia,SuperLiga,Romania,2025,Arrivals,Ronaldo Deaconu,https://www.transfermarkt.com/ronaldo-deaconu/profil/spieler/271281,Attacking Midfield,28,Romania,Nyíregyháza,NB I.,Hungary,0,FALSE,NA,Summer,25,13,0,558
AFC Unirea 04 Slobozia,SuperLiga,Romania,2025,Arrivals,Renato Espinosa,https://www.transfermarkt.com/renato-espinosa/profil/spieler/483715,Centre-Forward,27,Peru,Alianza Atl.,Liga 1 Clausura,Peru,0,FALSE,NA,Summer,20,18,7,1065
AFC Unirea 04 Slobozia,SuperLiga,Romania,2025,Arrivals,Oleksandr Safronov,https://www.transfermarkt.com/oleksandr-safronov/profil/spieler/467241,Centre-Back,26,Ukraine,Zalaegerszeg,NB I.,Hungary,0,FALSE,NA,Summer,29,21,0,1533
AFC Unirea 04 Slobozia,SuperLiga,Romania,2025,Arrivals,Valon Hamdiu,https://www.transfermarkt.com/valon-hamdiu/profil/spieler/410616,Defensive Midfield,27,Kosovo,AC Bellinzona,Challenge League,Switzerland,0,FALSE,NA,Summer,22,20,0,1483
AFC Unirea 04 Slobozia,SuperLiga,Romania,2025,Arrivals,Jekob Jeno,https://www.transfermarkt.com/jekob-jeno/profil/spieler/487272,Defensive Midfield,25,New Caledonia,B. Jerusalem,Ligat ha'Al,Israel,0,FALSE,NA,Summer,10,10,0,439
AFC Unirea 04 Slobozia,SuperLiga,Romania,2025,Arrivals,Vlad Pop,https://www.transfermarkt.com/vlad-pop/profil/spieler/341374,Central Midfield,24,Romania,FC U Craiova,NA,Romania,0,FALSE,NA,Summer,31,26,1,1595
AFC Unirea 04 Slobozia,SuperLiga,Romania,2025,Arrivals,Rafael Garutti,https://www.transfermarkt.com/rafael-garutti/profil/spieler/744880,Centre-Back,26,Brazil,FC Voluntari,Liga 2,Romania,0,FALSE,NA,Summer,5,0,0,0
AFC Unirea 04 Slobozia,SuperLiga,Romania,2025,Arrivals,Said Ahmed Said,https://www.transfermarkt.com/said-ahmed-said/profil/spieler/45529,Centre-Forward,32,Italy,Sloboda Tuzla,Prva liga FBIH,Bosnia-Herzegovina,0,FALSE,NA,Summer,28,20,1,737
AFC Unirea 04 Slobozia,SuperLiga,Romania,2025,Arrivals,Patrick Dulcea,https://www.transfermarkt.com/patrick-dulcea/profil/spieler/1038445,Attacking Midfield,20,Romania,FC Arges,SuperLiga,Romania,NA,TRUE,loan transfer,Summer,30,24,2,947
AFC Unirea 04 Slobozia,SuperLiga,Romania,2025,Arrivals,Raul Rotund,https://www.transfermarkt.com/raul-rotund/profil/spieler/1115189,Centre-Forward,19,Romania,FC Dinamo,SuperLiga,Romania,NA,TRUE,loan transfer,Summer,18,8,2,299
AFC Unirea 04 Slobozia,SuperLiga,Romania,2025,Arrivals,Jayson Papeau,https://www.transfermarkt.com/jayson-papeau/profil/spieler/665525,Left Winger,29,France,Without Club,NA,NA,NA,FALSE,-,Summer,15,15,3,1198
AFC Unirea 04 Slobozia,SuperLiga,Romania,2025,Arrivals,Radu Negru,https://www.transfermarkt.com/radu-negru/profil/spieler/749104,Right-Back,26,Romania,Without Club,NA,NA,NA,FALSE,-,Summer,19,7,0,492
AFC Unirea 04 Slobozia,SuperLiga,Romania,2025,Arrivals,Ion Gurău,https://www.transfermarkt.com/ion-gurau/profil/spieler/464278,Goalkeeper,26,Romania,Without Club,NA,NA,NA,FALSE,-,Summer,20,11,0,1020
AFC Unirea 04 Slobozia,SuperLiga,Romania,2025,Arrivals,Andrei Dragu,https://www.transfermarkt.com/andrei-dragu/profil/spieler/536129,Left-Back,25,Romania,Without Club,NA,NA,NA,FALSE,-,Summer,32,23,1,1377
AFC Unirea 04 Slobozia,SuperLiga,Romania,2025,Arrivals,Dorin Radu,https://www.transfermarkt.com/dorin-radu/profil/spieler/881078,Second Striker,22,Romania,Gheorghe Doja,NA,Romania,NA,TRUE,End of loan 30/06/2025,Summer,NA,NA,NA,NA
AFC Unirea 04 Slobozia,SuperLiga,Romania,2025,Arrivals,Raul Iancu,https://www.transfermarkt.com/raul-iancu/profil/spieler/1163170,Centre-Back,20,Romania,Gheorghe Doja,NA,Romania,NA,TRUE,End of loan 30/06/2025,Summer,7,1,0,51
AFC Unirea 04 Slobozia,SuperLiga,Romania,2025,Arrivals,Ștefan Ciupercă,https://www.transfermarkt.com/stefan-ciuperca/profil/spieler/871493,Goalkeeper,20,Romania,Gheorghe Doja,NA,Romania,NA,TRUE,End of loan 30/06/2025,Summer,5,0,0,0
AFC Unirea 04 Slobozia,SuperLiga,Romania,2025,Arrivals,Viorel Gîrbăcea,https://www.transfermarkt.com/viorel-girbacea/profil/spieler/990897,Left Winger,19,Romania,Gheorghe Doja,NA,Romania,NA,TRUE,End of loan 30/06/2025,Summer,NA,NA,NA,NA
AFC Unirea 04 Slobozia,SuperLiga,Romania,2025,Arrivals,Teodor Lungu,https://www.transfermarkt.com/teodor-lungu/profil/spieler/577515,Central Midfield,30,Moldova,Petrocub,Super Liga (Phase 2),Moldova,0,FALSE,NA,Winter,11,11,0,854
AFC Unirea 04 Slobozia,SuperLiga,Romania,2025,Arrivals,Alexandru Albu,https://www.transfermarkt.com/alexandru-albu/profil/spieler/372908,Defensive Midfield,32,Romania,Chindia,Liga 2,Romania,0,FALSE,NA,Winter,10,10,2,840
AFC Unirea 04 Slobozia,SuperLiga,Romania,2025,Arrivals,Esteban Orozco,https://www.transfermarkt.com/esteban-orozco/profil/spieler/531411,Centre-Back,27,Equatorial Guinea,FC Arges,SuperLiga,Romania,0,FALSE,NA,Winter,8,8,0,630
AFC Unirea 04 Slobozia,SuperLiga,Romania,2025,Arrivals,Guy Dahan,https://www.transfermarkt.com/guy-dahan/profil/spieler/396646,Centre-Forward,25,Israel,Zimbru Chisinau,Super Liga (Phase 2),Moldova,0,FALSE,NA,Winter,11,11,0,472
AFC Unirea 04 Slobozia,SuperLiga,Romania,2025,Arrivals,Nicolae Carnat,https://www.transfermarkt.com/nicolae-carnat/profil/spieler/341140,Right Winger,27,Romania,Concordia,Liga 2,Romania,NA,TRUE,loan transfer,Winter,5,5,0,127
AFC Unirea 04 Slobozia,SuperLiga,Romania,2025,Arrivals,Laurențiu Vlăsceanu,https://www.transfermarkt.com/laurentiu-vlasceanu/profil/spieler/912165,Left-Back,20,Romania,FCSB,SuperLiga,Romania,NA,TRUE,loan transfer,Winter,11,2,0,43
AFC Unirea 04 Slobozia,SuperLiga,Romania,2025,Arrivals,Jayson Papeau,https://www.transfermarkt.com/jayson-papeau/profil/spieler/665525,Left Winger,29,France,Without Club,NA,NA,NA,FALSE,-,Winter,15,15,3,1198
AFC Unirea 04 Slobozia,SuperLiga,Romania,2025,Arrivals,Denis Yanakov,https://www.transfermarkt.com/denis-yanakov/profil/spieler/404851,Left Winger,27,Ukraine,Without Club,NA,NA,NA,FALSE,-,Winter,3,3,1,160
AFC Unirea 04 Slobozia,SuperLiga,Romania,2025,Arrivals,Marc Tsoungui,https://www.transfermarkt.com/marc-tsoungui/profil/spieler/357858,Left-Back,23,Switzerland,Without Club,NA,NA,NA,FALSE,-,Winter,5,3,0,241
AFC Unirea 04 Slobozia,SuperLiga,Romania,2025,Arrivals,Cristian Ponde,https://www.transfermarkt.com/cristian-ponde/profil/spieler/198005,Right Winger,31,Portugal,Without Club,NA,NA,NA,FALSE,-,Winter,7,7,0,455
FC Metaloglobus Bucharest,SuperLiga,Romania,2025,Arrivals,Tarek Aggoun,https://www.transfermarkt.com/tarek-aggoun/profil/spieler/836804,Centre-Back,27,Algeria,MC Oran,Ligue 1,Algeria,0,FALSE,NA,Summer,13,11,0,917
FC Metaloglobus Bucharest,SuperLiga,Romania,2025,Arrivals,Damià Sabater,https://www.transfermarkt.com/damia-sabater/profil/spieler/217154,Central Midfield,29,Spain,Inter Escaldes,Primera Divisió,Andorra,0,FALSE,NA,Summer,34,34,1,2554
FC Metaloglobus Bucharest,SuperLiga,Romania,2025,Arrivals,Gabriel Dumitru,https://www.transfermarkt.com/gabriel-dumitru/profil/spieler/1202523,Centre-Back,19,Romania,CSA Steaua U18,NA,Romania,0,FALSE,NA,Summer,20,10,0,745
FC Metaloglobus Bucharest,SuperLiga,Romania,2025,Arrivals,Desley Ubbink,https://www.transfermarkt.com/desley-ubbink/profil/spieler/272718,Attacking Midfield,32,Netherlands,FC Bihor,Liga 2,Romania,0,FALSE,NA,Summer,22,21,1,1163
FC Metaloglobus Bucharest,SuperLiga,Romania,2025,Arrivals,Benjamin Hadzic,https://www.transfermarkt.com/benjamin-hadzic/profil/spieler/349530,Centre-Forward,26,Bosnia-Herzegovina,Hessen Kassel,Regionalliga Südwest,Germany,0,FALSE,NA,Summer,13,9,0,233
FC Metaloglobus Bucharest,SuperLiga,Romania,2025,Arrivals,Omar Pasagic,https://www.transfermarkt.com/omar-pasagic/profil/spieler/281077,Centre-Back,27,Bosnia-Herzegovina,Hebar P.,Vtora Liga,Bulgaria,0,FALSE,NA,Summer,25,16,1,1374
FC Metaloglobus Bucharest,SuperLiga,Romania,2025,Arrivals,Alexandru Gheorghe,https://www.transfermarkt.com/alexandru-gheorghe/profil/spieler/1045068,Right Winger,22,Romania,FC Rapid 1923,SuperLiga,Romania,0,FALSE,NA,Summer,31,14,0,606
FC Metaloglobus Bucharest,SuperLiga,Romania,2025,Arrivals,Ely Fernandes,https://www.transfermarkt.com/ely-fernandes/profil/spieler/292488,Left Winger,34,Cape Verde,CS Afumati,Liga 2,Romania,0,FALSE,NA,Summer,26,24,3,1492
FC Metaloglobus Bucharest,SuperLiga,Romania,2025,Arrivals,Endri Celaj,https://www.transfermarkt.com/endri-celaj/profil/spieler/916750,Centre-Forward,21,Albania,FK Bylis ,Kategoria Superiore,Albania,0,FALSE,NA,Summer,9,2,0,70
FC Metaloglobus Bucharest,SuperLiga,Romania,2025,Arrivals,Cosmin Achim,https://www.transfermarkt.com/cosmin-achim/profil/spieler/312471,Centre-Back,29,Romania,Agricola B.,NA,Romania,0,FALSE,NA,Summer,13,5,1,198
FC Metaloglobus Bucharest,SuperLiga,Romania,2025,Arrivals,Bruno Carvalho,https://www.transfermarkt.com/bruno-carvalho/profil/spieler/614516,Central Midfield,27,Cape Verde,Tirsense,CP - Série A,Portugal,0,FALSE,NA,Summer,26,20,0,1372
FC Metaloglobus Bucharest,SuperLiga,Romania,2025,Arrivals,Moses Abbey,https://www.transfermarkt.com/moses-abbey/profil/spieler/867947,Attacking Midfield,22,Ghana,FC U Craiova,NA,Romania,NA,TRUE,loan transfer,Summer,28,25,0,1191
FC Metaloglobus Bucharest,SuperLiga,Romania,2025,Arrivals,Aboubacar Camara,https://www.transfermarkt.com/aboubacar-camara/profil/spieler/806170,Centre-Back,24,France,FC U Craiova,NA,Romania,NA,TRUE,loan transfer,Summer,22,20,0,1617
FC Metaloglobus Bucharest,SuperLiga,Romania,2025,Arrivals,Andrei Mihăilă,https://www.transfermarkt.com/andrei-mihaila/profil/spieler/723840,Attacking Midfield,20,Romania,Sport Team,NA,Romania,NA,TRUE,End of loan 30/06/2025,Summer,NA,NA,NA,NA
FC Metaloglobus Bucharest,SuperLiga,Romania,2025,Arrivals,Florin Purece,https://www.transfermarkt.com/florin-purece/profil/spieler/203059,Attacking Midfield,34,Romania,Unirea Slobozia,SuperLiga,Romania,0,FALSE,NA,Winter,8,7,2,458
FC Metaloglobus Bucharest,SuperLiga,Romania,2025,Arrivals,Aboubacar Camara,https://www.transfermarkt.com/aboubacar-camara/profil/spieler/806170,Centre-Back,24,France,FC U Craiova,NA,Romania,0,FALSE,NA,Winter,22,20,0,1617
FC Metaloglobus Bucharest,SuperLiga,Romania,2025,Arrivals,Mike Cestor,https://www.transfermarkt.com/mike-cestor/profil/spieler/136744,Centre-Back,33,DR Congo,ACSM Poli Iasi,Liga 2,Romania,0,FALSE,NA,Winter,9,4,0,203
FC Metaloglobus Bucharest,SuperLiga,Romania,2025,Arrivals,Endri Celaj,https://www.transfermarkt.com/endri-celaj/profil/spieler/916750,Centre-Forward,21,Albania,FK Bylis ,Kategoria Superiore,Albania,0,FALSE,NA,Winter,9,2,0,70
FC Metaloglobus Bucharest,SuperLiga,Romania,2025,Arrivals,Martins Toutou,https://www.transfermarkt.com/martins-toutou/profil/spieler/651080,Centre-Forward,29,France,Without Club,NA,NA,0,FALSE,NA,Winter,7,6,0,165
FC Metaloglobus Bucharest,SuperLiga,Romania,2025,Arrivals,Mario Tache,https://www.transfermarkt.com/mario-tache/profil/spieler/869995,Central Midfield,20,Romania,Without Club,NA,NA,0,FALSE,NA,Winter,6,4,0,90
FC Metaloglobus Bucharest,SuperLiga,Romania,2025,Arrivals,Robert Bădescu,https://www.transfermarkt.com/robert-badescu/profil/spieler/912091,Left-Back,20,Romania,FC Rapid 1923,SuperLiga,Romania,NA,TRUE,loan transfer,Winter,10,9,1,704
FC Metaloglobus Bucharest,SuperLiga,Romania,2025,Arrivals,Giovani Ghimfus,https://www.transfermarkt.com/giovani-ghimfus/profil/spieler/1017317,Attacking Midfield,20,Romania,Sepsi OSK,Liga 2,Romania,NA,TRUE,loan transfer,Winter,12,11,0,478
FC Metaloglobus Bucharest,SuperLiga,Romania,2025,Arrivals,Alexandru Țîrlea,https://www.transfermarkt.com/alexandru-tirlea/profil/spieler/319253,Right-Back,25,Romania,CFR Cluj,SuperLiga,Romania,NA,TRUE,loan transfer,Winter,7,7,0,630
FC Metaloglobus Bucharest,SuperLiga,Romania,2025,Arrivals,Daniel Popa,https://www.transfermarkt.com/daniel-popa/profil/spieler/341364,Centre-Forward,30,Romania,Without Club,NA,NA,NA,FALSE,-,Winter,6,6,1,252
